use course_work_yandex_music;

# TABLE STRUCTURE FOR: album_tag
INSERT INTO `album_tag` (`id`, `tag_name`, `created_at`, `updated_at`) VALUES ('1', 'et', '1991-01-06 04:41:58', '2003-07-29 19:17:51');
INSERT INTO `album_tag` (`id`, `tag_name`, `created_at`, `updated_at`) VALUES ('2', 'reiciendis', '1999-03-28 16:50:20', '1974-02-18 19:44:22');
INSERT INTO `album_tag` (`id`, `tag_name`, `created_at`, `updated_at`) VALUES ('3', 'repellat', '2005-12-08 14:59:58', '1980-11-24 05:51:40');
INSERT INTO `album_tag` (`id`, `tag_name`, `created_at`, `updated_at`) VALUES ('4', 'cumque', '1991-10-08 07:07:49', '2010-05-21 08:17:46');
INSERT INTO `album_tag` (`id`, `tag_name`, `created_at`, `updated_at`) VALUES ('5', 'in', '2020-01-17 07:00:25', '1975-08-21 01:11:07');
INSERT INTO `album_tag` (`id`, `tag_name`, `created_at`, `updated_at`) VALUES ('6', 'autem', '1999-06-04 01:51:38', '1986-01-19 00:44:09');
INSERT INTO `album_tag` (`id`, `tag_name`, `created_at`, `updated_at`) VALUES ('7', 'sequi', '2005-11-25 14:30:03', '2017-03-05 02:45:15');
INSERT INTO `album_tag` (`id`, `tag_name`, `created_at`, `updated_at`) VALUES ('8', 'explicabo', '2014-10-22 21:41:25', '2005-08-30 19:58:11');
INSERT INTO `album_tag` (`id`, `tag_name`, `created_at`, `updated_at`) VALUES ('9', 'laborum', '2005-08-02 13:08:23', '1994-08-26 02:47:35');
INSERT INTO `album_tag` (`id`, `tag_name`, `created_at`, `updated_at`) VALUES ('10', 'consequatur', '2001-03-18 19:12:52', '2019-07-15 09:48:57');
INSERT INTO `album_tag` (`id`, `tag_name`, `created_at`, `updated_at`) VALUES ('11', 'ullam', '1996-06-07 14:42:58', '2004-02-27 04:07:51');
INSERT INTO `album_tag` (`id`, `tag_name`, `created_at`, `updated_at`) VALUES ('12', 'voluptatum', '1989-11-20 07:56:56', '1981-03-20 21:44:52');
INSERT INTO `album_tag` (`id`, `tag_name`, `created_at`, `updated_at`) VALUES ('13', 'aut', '2016-04-21 05:36:49', '2001-05-24 07:34:04');
INSERT INTO `album_tag` (`id`, `tag_name`, `created_at`, `updated_at`) VALUES ('14', 'eligendi', '2003-01-04 02:37:04', '2007-11-03 13:43:36');
INSERT INTO `album_tag` (`id`, `tag_name`, `created_at`, `updated_at`) VALUES ('15', 'ratione', '1989-01-29 13:06:48', '1993-02-02 06:38:06');
INSERT INTO `album_tag` (`id`, `tag_name`, `created_at`, `updated_at`) VALUES ('16', 'sapiente', '2006-08-20 02:53:24', '1986-01-25 22:07:53');
INSERT INTO `album_tag` (`id`, `tag_name`, `created_at`, `updated_at`) VALUES ('17', 'deleniti', '1997-07-25 01:29:19', '1982-05-06 00:56:14');
INSERT INTO `album_tag` (`id`, `tag_name`, `created_at`, `updated_at`) VALUES ('18', 'soluta', '1995-01-21 16:20:58', '2010-10-18 03:11:13');
INSERT INTO `album_tag` (`id`, `tag_name`, `created_at`, `updated_at`) VALUES ('19', 'dolorum', '1980-10-08 10:08:14', '1986-04-08 15:56:39');
INSERT INTO `album_tag` (`id`, `tag_name`, `created_at`, `updated_at`) VALUES ('20', 'consequuntur', '2020-03-02 16:18:58', '1984-03-19 18:56:40');
INSERT INTO `album_tag` (`id`, `tag_name`, `created_at`, `updated_at`) VALUES ('21', 'quam', '2008-08-31 21:50:50', '1982-04-08 14:37:02');
INSERT INTO `album_tag` (`id`, `tag_name`, `created_at`, `updated_at`) VALUES ('22', 'atque', '1973-10-21 12:29:35', '2017-11-11 14:46:41');
INSERT INTO `album_tag` (`id`, `tag_name`, `created_at`, `updated_at`) VALUES ('23', 'qui', '1970-10-30 08:37:23', '1978-09-12 20:39:08');
INSERT INTO `album_tag` (`id`, `tag_name`, `created_at`, `updated_at`) VALUES ('24', 'enim', '1973-12-08 06:10:31', '2006-02-22 10:03:07');
INSERT INTO `album_tag` (`id`, `tag_name`, `created_at`, `updated_at`) VALUES ('25', 'ut', '1986-01-11 07:18:18', '2011-01-15 16:17:43');
INSERT INTO `album_tag` (`id`, `tag_name`, `created_at`, `updated_at`) VALUES ('26', 'hic', '1987-05-23 17:32:13', '2001-11-01 06:43:24');
INSERT INTO `album_tag` (`id`, `tag_name`, `created_at`, `updated_at`) VALUES ('27', 'quidem', '1977-09-13 21:30:18', '2000-03-31 16:44:39');
INSERT INTO `album_tag` (`id`, `tag_name`, `created_at`, `updated_at`) VALUES ('28', 'consequuntur', '1982-02-25 13:15:42', '2001-01-26 23:01:32');
INSERT INTO `album_tag` (`id`, `tag_name`, `created_at`, `updated_at`) VALUES ('29', 'molestiae', '2004-07-30 23:44:43', '1993-05-25 23:38:27');
INSERT INTO `album_tag` (`id`, `tag_name`, `created_at`, `updated_at`) VALUES ('30', 'et', '1979-04-19 08:31:01', '1993-06-01 08:10:51');
INSERT INTO `album_tag` (`id`, `tag_name`, `created_at`, `updated_at`) VALUES ('31', 'quo', '1970-07-26 04:44:20', '1980-02-23 21:51:47');
INSERT INTO `album_tag` (`id`, `tag_name`, `created_at`, `updated_at`) VALUES ('32', 'optio', '2011-01-03 09:24:09', '1977-09-28 07:32:49');
INSERT INTO `album_tag` (`id`, `tag_name`, `created_at`, `updated_at`) VALUES ('33', 'saepe', '1975-12-01 20:43:39', '1982-04-16 15:15:33');
INSERT INTO `album_tag` (`id`, `tag_name`, `created_at`, `updated_at`) VALUES ('34', 'corporis', '1974-07-01 13:33:19', '1981-04-20 00:16:28');
INSERT INTO `album_tag` (`id`, `tag_name`, `created_at`, `updated_at`) VALUES ('35', 'suscipit', '1971-04-07 15:18:03', '2003-02-17 10:54:21');
INSERT INTO `album_tag` (`id`, `tag_name`, `created_at`, `updated_at`) VALUES ('36', 'aut', '2009-12-18 06:34:05', '2021-05-12 19:00:14');
INSERT INTO `album_tag` (`id`, `tag_name`, `created_at`, `updated_at`) VALUES ('37', 'magnam', '2019-08-30 09:30:24', '1984-12-13 11:28:18');
INSERT INTO `album_tag` (`id`, `tag_name`, `created_at`, `updated_at`) VALUES ('38', 'ut', '2008-07-05 19:03:34', '1983-01-01 11:07:03');
INSERT INTO `album_tag` (`id`, `tag_name`, `created_at`, `updated_at`) VALUES ('39', 'quidem', '1981-10-26 17:53:16', '1979-11-11 04:11:33');
INSERT INTO `album_tag` (`id`, `tag_name`, `created_at`, `updated_at`) VALUES ('40', 'doloremque', '1990-02-24 05:24:29', '2000-08-13 10:00:55');
INSERT INTO `album_tag` (`id`, `tag_name`, `created_at`, `updated_at`) VALUES ('41', 'veritatis', '1978-08-10 05:18:33', '2005-11-19 13:03:10');
INSERT INTO `album_tag` (`id`, `tag_name`, `created_at`, `updated_at`) VALUES ('42', 'quos', '1971-10-21 21:37:51', '1993-01-12 11:29:25');
INSERT INTO `album_tag` (`id`, `tag_name`, `created_at`, `updated_at`) VALUES ('43', 'veniam', '2019-09-26 00:08:05', '1970-10-10 00:39:39');
INSERT INTO `album_tag` (`id`, `tag_name`, `created_at`, `updated_at`) VALUES ('44', 'ratione', '2006-11-01 22:52:37', '2003-05-13 20:04:06');
INSERT INTO `album_tag` (`id`, `tag_name`, `created_at`, `updated_at`) VALUES ('45', 'eum', '1972-07-24 07:46:04', '1980-04-14 05:21:20');
INSERT INTO `album_tag` (`id`, `tag_name`, `created_at`, `updated_at`) VALUES ('46', 'aliquid', '2002-08-28 16:43:51', '1971-04-09 11:01:58');
INSERT INTO `album_tag` (`id`, `tag_name`, `created_at`, `updated_at`) VALUES ('47', 'voluptatem', '1990-03-22 19:58:20', '1984-03-14 16:57:25');
INSERT INTO `album_tag` (`id`, `tag_name`, `created_at`, `updated_at`) VALUES ('48', 'dolorem', '1993-09-17 22:16:09', '1980-01-05 01:00:56');
INSERT INTO `album_tag` (`id`, `tag_name`, `created_at`, `updated_at`) VALUES ('49', 'ea', '1978-04-06 02:15:15', '2020-01-06 07:26:43');
INSERT INTO `album_tag` (`id`, `tag_name`, `created_at`, `updated_at`) VALUES ('50', 'dolorem', '2015-03-28 04:46:03', '1997-04-24 00:44:07');
INSERT INTO `album_tag` (`id`, `tag_name`, `created_at`, `updated_at`) VALUES ('51', 'itaque', '1988-05-03 04:20:09', '1996-04-15 20:11:31');
INSERT INTO `album_tag` (`id`, `tag_name`, `created_at`, `updated_at`) VALUES ('52', 'sed', '1985-06-10 21:04:53', '1988-04-13 15:06:25');
INSERT INTO `album_tag` (`id`, `tag_name`, `created_at`, `updated_at`) VALUES ('53', 'ut', '2019-10-30 17:45:49', '1980-03-12 15:36:12');
INSERT INTO `album_tag` (`id`, `tag_name`, `created_at`, `updated_at`) VALUES ('54', 'possimus', '1972-07-14 11:32:10', '2020-06-22 05:47:13');
INSERT INTO `album_tag` (`id`, `tag_name`, `created_at`, `updated_at`) VALUES ('55', 'numquam', '1974-03-13 09:27:44', '2006-09-07 04:28:42');
INSERT INTO `album_tag` (`id`, `tag_name`, `created_at`, `updated_at`) VALUES ('56', 'voluptas', '1994-07-01 12:30:29', '2009-08-07 04:36:34');
INSERT INTO `album_tag` (`id`, `tag_name`, `created_at`, `updated_at`) VALUES ('57', 'laboriosam', '2007-08-21 15:58:13', '1992-05-01 19:47:42');
INSERT INTO `album_tag` (`id`, `tag_name`, `created_at`, `updated_at`) VALUES ('58', 'repudiandae', '2010-03-23 06:59:33', '2001-05-12 06:23:08');
INSERT INTO `album_tag` (`id`, `tag_name`, `created_at`, `updated_at`) VALUES ('59', 'ipsa', '1995-08-27 15:27:37', '2015-10-29 18:20:39');
INSERT INTO `album_tag` (`id`, `tag_name`, `created_at`, `updated_at`) VALUES ('60', 'repudiandae', '2005-10-21 20:29:40', '2013-02-16 18:49:36');
INSERT INTO `album_tag` (`id`, `tag_name`, `created_at`, `updated_at`) VALUES ('61', 'amet', '1975-09-10 21:43:33', '1998-12-23 01:28:01');
INSERT INTO `album_tag` (`id`, `tag_name`, `created_at`, `updated_at`) VALUES ('62', 'perferendis', '2014-11-26 01:37:09', '1978-06-11 05:01:19');
INSERT INTO `album_tag` (`id`, `tag_name`, `created_at`, `updated_at`) VALUES ('63', 'voluptatem', '2008-10-02 11:35:25', '2004-06-12 22:50:21');
INSERT INTO `album_tag` (`id`, `tag_name`, `created_at`, `updated_at`) VALUES ('64', 'architecto', '1990-06-25 02:55:58', '2019-03-13 12:32:18');
INSERT INTO `album_tag` (`id`, `tag_name`, `created_at`, `updated_at`) VALUES ('65', 'iste', '2015-09-26 23:58:48', '2001-11-02 23:27:27');
INSERT INTO `album_tag` (`id`, `tag_name`, `created_at`, `updated_at`) VALUES ('66', 'ea', '2012-12-25 20:58:18', '2008-04-03 23:09:19');
INSERT INTO `album_tag` (`id`, `tag_name`, `created_at`, `updated_at`) VALUES ('67', 'accusantium', '2011-03-06 21:45:57', '1977-03-30 02:15:00');
INSERT INTO `album_tag` (`id`, `tag_name`, `created_at`, `updated_at`) VALUES ('68', 'nisi', '1976-12-01 15:27:50', '1986-03-12 06:02:07');
INSERT INTO `album_tag` (`id`, `tag_name`, `created_at`, `updated_at`) VALUES ('69', 'repudiandae', '2018-03-28 10:09:25', '1980-03-07 15:01:52');
INSERT INTO `album_tag` (`id`, `tag_name`, `created_at`, `updated_at`) VALUES ('70', 'vel', '2020-05-18 01:21:40', '1980-08-21 13:08:35');
INSERT INTO `album_tag` (`id`, `tag_name`, `created_at`, `updated_at`) VALUES ('71', 'vitae', '1979-05-02 07:49:46', '2020-09-29 04:42:41');
INSERT INTO `album_tag` (`id`, `tag_name`, `created_at`, `updated_at`) VALUES ('72', 'labore', '1972-06-02 01:38:33', '1996-02-14 20:01:23');
INSERT INTO `album_tag` (`id`, `tag_name`, `created_at`, `updated_at`) VALUES ('73', 'maxime', '1995-11-29 03:52:46', '2019-07-04 23:03:50');
INSERT INTO `album_tag` (`id`, `tag_name`, `created_at`, `updated_at`) VALUES ('74', 'animi', '2006-07-06 23:52:20', '1993-08-30 20:11:02');
INSERT INTO `album_tag` (`id`, `tag_name`, `created_at`, `updated_at`) VALUES ('75', 'sed', '2011-03-05 05:02:43', '1985-06-23 04:47:06');
INSERT INTO `album_tag` (`id`, `tag_name`, `created_at`, `updated_at`) VALUES ('76', 'ipsa', '2003-10-08 03:48:46', '1971-10-22 02:09:49');
INSERT INTO `album_tag` (`id`, `tag_name`, `created_at`, `updated_at`) VALUES ('77', 'a', '1997-07-11 09:52:19', '1997-03-12 01:13:01');
INSERT INTO `album_tag` (`id`, `tag_name`, `created_at`, `updated_at`) VALUES ('78', 'eligendi', '1971-12-06 15:04:21', '2021-09-14 02:39:09');
INSERT INTO `album_tag` (`id`, `tag_name`, `created_at`, `updated_at`) VALUES ('79', 'autem', '1980-12-14 11:24:12', '1991-09-27 15:12:00');
INSERT INTO `album_tag` (`id`, `tag_name`, `created_at`, `updated_at`) VALUES ('80', 'enim', '2010-12-18 08:17:33', '1997-09-02 00:52:34');
INSERT INTO `album_tag` (`id`, `tag_name`, `created_at`, `updated_at`) VALUES ('81', 'aut', '1995-10-24 06:14:46', '1999-10-17 04:15:39');
INSERT INTO `album_tag` (`id`, `tag_name`, `created_at`, `updated_at`) VALUES ('82', 'enim', '2015-08-08 06:19:33', '2010-01-04 04:04:42');
INSERT INTO `album_tag` (`id`, `tag_name`, `created_at`, `updated_at`) VALUES ('83', 'explicabo', '2009-05-01 15:26:42', '1987-01-22 08:17:35');
INSERT INTO `album_tag` (`id`, `tag_name`, `created_at`, `updated_at`) VALUES ('84', 'quis', '2018-11-17 00:58:43', '1992-12-22 15:46:05');
INSERT INTO `album_tag` (`id`, `tag_name`, `created_at`, `updated_at`) VALUES ('85', 'voluptatem', '2020-04-26 21:27:02', '1984-03-25 15:31:25');
INSERT INTO `album_tag` (`id`, `tag_name`, `created_at`, `updated_at`) VALUES ('86', 'omnis', '2012-02-17 05:12:27', '1982-10-14 09:40:26');
INSERT INTO `album_tag` (`id`, `tag_name`, `created_at`, `updated_at`) VALUES ('87', 'aut', '1998-07-27 13:11:10', '2016-10-21 01:10:18');
INSERT INTO `album_tag` (`id`, `tag_name`, `created_at`, `updated_at`) VALUES ('88', 'autem', '1992-07-15 20:26:52', '1992-02-28 11:38:38');
INSERT INTO `album_tag` (`id`, `tag_name`, `created_at`, `updated_at`) VALUES ('89', 'autem', '1970-12-09 01:56:21', '1992-10-16 14:48:51');
INSERT INTO `album_tag` (`id`, `tag_name`, `created_at`, `updated_at`) VALUES ('90', 'nam', '1986-03-20 17:20:42', '1982-12-11 04:43:16');
INSERT INTO `album_tag` (`id`, `tag_name`, `created_at`, `updated_at`) VALUES ('91', 'alias', '1980-01-31 17:38:50', '1987-09-30 06:29:36');
INSERT INTO `album_tag` (`id`, `tag_name`, `created_at`, `updated_at`) VALUES ('92', 'tempora', '1990-04-10 19:32:55', '2016-08-28 22:39:28');
INSERT INTO `album_tag` (`id`, `tag_name`, `created_at`, `updated_at`) VALUES ('93', 'voluptatem', '2006-02-27 16:03:36', '1972-05-29 00:20:09');
INSERT INTO `album_tag` (`id`, `tag_name`, `created_at`, `updated_at`) VALUES ('94', 'eaque', '2008-09-10 02:07:31', '1989-04-10 08:34:02');
INSERT INTO `album_tag` (`id`, `tag_name`, `created_at`, `updated_at`) VALUES ('95', 'iste', '2015-09-03 09:10:26', '2015-01-25 20:40:08');
INSERT INTO `album_tag` (`id`, `tag_name`, `created_at`, `updated_at`) VALUES ('96', 'dignissimos', '2001-03-06 13:49:07', '1981-06-05 21:21:40');
INSERT INTO `album_tag` (`id`, `tag_name`, `created_at`, `updated_at`) VALUES ('97', 'et', '2019-03-19 23:10:16', '2006-04-18 08:17:31');
INSERT INTO `album_tag` (`id`, `tag_name`, `created_at`, `updated_at`) VALUES ('98', 'voluptas', '2004-10-15 17:40:40', '1978-08-21 04:34:04');
INSERT INTO `album_tag` (`id`, `tag_name`, `created_at`, `updated_at`) VALUES ('99', 'explicabo', '1973-12-15 21:17:43', '2013-01-15 13:02:52');
INSERT INTO `album_tag` (`id`, `tag_name`, `created_at`, `updated_at`) VALUES ('100', 'ea', '2010-02-06 08:50:48', '2014-05-21 15:35:49');


# TABLE STRUCTURE FOR: labels
INSERT INTO `labels` (`id`, `label_name`, `created_at`, `updated_at`) VALUES ('1', 'quos', '1983-05-16 14:34:22', '1971-01-11 18:40:47');
INSERT INTO `labels` (`id`, `label_name`, `created_at`, `updated_at`) VALUES ('2', 'enim', '2010-03-05 00:06:41', '2001-02-05 19:24:06');
INSERT INTO `labels` (`id`, `label_name`, `created_at`, `updated_at`) VALUES ('3', 'nihil', '1992-11-20 06:03:43', '1989-04-10 18:33:28');
INSERT INTO `labels` (`id`, `label_name`, `created_at`, `updated_at`) VALUES ('4', 'nobis', '2006-02-04 05:52:58', '1991-08-10 21:31:58');
INSERT INTO `labels` (`id`, `label_name`, `created_at`, `updated_at`) VALUES ('5', 'doloribus', '1987-04-28 16:06:00', '2013-02-17 23:11:28');
INSERT INTO `labels` (`id`, `label_name`, `created_at`, `updated_at`) VALUES ('6', 'consequuntur', '2010-01-09 00:01:29', '2002-03-22 01:56:48');
INSERT INTO `labels` (`id`, `label_name`, `created_at`, `updated_at`) VALUES ('7', 'sint', '1980-02-03 00:26:23', '1989-12-01 22:33:43');
INSERT INTO `labels` (`id`, `label_name`, `created_at`, `updated_at`) VALUES ('8', 'perspiciatis', '1985-03-29 08:43:42', '1986-10-08 09:00:39');
INSERT INTO `labels` (`id`, `label_name`, `created_at`, `updated_at`) VALUES ('9', 'tenetur', '2020-10-13 09:49:30', '2009-12-17 12:10:49');
INSERT INTO `labels` (`id`, `label_name`, `created_at`, `updated_at`) VALUES ('10', 'laboriosam', '2014-12-19 03:10:10', '2016-09-16 13:17:49');
INSERT INTO `labels` (`id`, `label_name`, `created_at`, `updated_at`) VALUES ('11', 'illo', '2000-11-28 23:48:28', '2006-11-03 09:48:14');
INSERT INTO `labels` (`id`, `label_name`, `created_at`, `updated_at`) VALUES ('12', 'laudantium', '1999-08-03 02:58:40', '2002-07-07 08:54:01');
INSERT INTO `labels` (`id`, `label_name`, `created_at`, `updated_at`) VALUES ('13', 'quia', '2014-03-02 17:36:03', '1995-03-17 01:32:20');
INSERT INTO `labels` (`id`, `label_name`, `created_at`, `updated_at`) VALUES ('14', 'ducimus', '2002-08-10 08:15:06', '2011-03-01 06:53:18');
INSERT INTO `labels` (`id`, `label_name`, `created_at`, `updated_at`) VALUES ('15', 'cum', '1995-12-04 18:16:34', '2020-08-25 03:35:28');
INSERT INTO `labels` (`id`, `label_name`, `created_at`, `updated_at`) VALUES ('16', 'quam', '2008-10-31 06:50:20', '2017-11-27 01:18:38');
INSERT INTO `labels` (`id`, `label_name`, `created_at`, `updated_at`) VALUES ('17', 'deserunt', '2018-04-16 04:06:36', '1982-09-16 13:45:16');
INSERT INTO `labels` (`id`, `label_name`, `created_at`, `updated_at`) VALUES ('18', 'vitae', '2004-02-12 10:51:11', '2001-08-28 08:58:11');
INSERT INTO `labels` (`id`, `label_name`, `created_at`, `updated_at`) VALUES ('19', 'maiores', '2011-11-01 21:27:23', '2005-09-08 08:37:48');
INSERT INTO `labels` (`id`, `label_name`, `created_at`, `updated_at`) VALUES ('20', 'eos', '2004-02-26 08:50:58', '1990-01-11 00:24:01');
INSERT INTO `labels` (`id`, `label_name`, `created_at`, `updated_at`) VALUES ('21', 'iusto', '1983-11-14 06:18:32', '1986-07-26 07:30:26');
INSERT INTO `labels` (`id`, `label_name`, `created_at`, `updated_at`) VALUES ('22', 'iure', '2021-10-15 18:11:10', '2007-03-03 07:22:56');
INSERT INTO `labels` (`id`, `label_name`, `created_at`, `updated_at`) VALUES ('23', 'illum', '2005-06-23 09:01:35', '2015-04-01 16:07:42');
INSERT INTO `labels` (`id`, `label_name`, `created_at`, `updated_at`) VALUES ('24', 'itaque', '2021-01-26 04:54:42', '1999-06-25 10:06:04');
INSERT INTO `labels` (`id`, `label_name`, `created_at`, `updated_at`) VALUES ('25', 'est', '1980-08-28 14:38:41', '2005-12-09 00:54:36');
INSERT INTO `labels` (`id`, `label_name`, `created_at`, `updated_at`) VALUES ('26', 'corporis', '1983-07-23 08:44:03', '2003-06-24 13:55:45');
INSERT INTO `labels` (`id`, `label_name`, `created_at`, `updated_at`) VALUES ('27', 'ipsam', '1997-10-25 06:32:45', '1988-04-09 12:19:21');
INSERT INTO `labels` (`id`, `label_name`, `created_at`, `updated_at`) VALUES ('28', 'delectus', '1971-05-18 15:46:05', '2011-02-07 11:32:43');
INSERT INTO `labels` (`id`, `label_name`, `created_at`, `updated_at`) VALUES ('29', 'eos', '1995-02-17 09:28:05', '1987-11-16 13:26:21');
INSERT INTO `labels` (`id`, `label_name`, `created_at`, `updated_at`) VALUES ('30', 'aut', '2019-12-23 06:50:58', '1987-01-23 17:11:45');
INSERT INTO `labels` (`id`, `label_name`, `created_at`, `updated_at`) VALUES ('31', 'ut', '2020-10-25 15:01:51', '2001-08-27 02:42:49');
INSERT INTO `labels` (`id`, `label_name`, `created_at`, `updated_at`) VALUES ('32', 'quibusdam', '1970-02-17 05:46:19', '1998-03-11 23:57:43');
INSERT INTO `labels` (`id`, `label_name`, `created_at`, `updated_at`) VALUES ('33', 'velit', '1993-04-10 11:04:07', '1975-09-25 13:22:19');
INSERT INTO `labels` (`id`, `label_name`, `created_at`, `updated_at`) VALUES ('34', 'et', '1988-04-10 22:47:38', '1976-07-27 10:10:04');
INSERT INTO `labels` (`id`, `label_name`, `created_at`, `updated_at`) VALUES ('35', 'vero', '2015-11-01 09:12:35', '2008-02-26 13:55:02');
INSERT INTO `labels` (`id`, `label_name`, `created_at`, `updated_at`) VALUES ('36', 'iste', '1995-12-25 20:59:57', '1977-03-21 21:05:22');
INSERT INTO `labels` (`id`, `label_name`, `created_at`, `updated_at`) VALUES ('37', 'a', '1973-11-01 22:12:34', '1972-11-21 03:01:21');
INSERT INTO `labels` (`id`, `label_name`, `created_at`, `updated_at`) VALUES ('38', 'hic', '2013-10-07 11:13:35', '2011-07-05 19:06:20');
INSERT INTO `labels` (`id`, `label_name`, `created_at`, `updated_at`) VALUES ('39', 'veniam', '2004-11-08 15:22:32', '1993-11-16 02:33:47');
INSERT INTO `labels` (`id`, `label_name`, `created_at`, `updated_at`) VALUES ('40', 'nulla', '1982-11-15 01:28:27', '1971-01-30 18:44:42');
INSERT INTO `labels` (`id`, `label_name`, `created_at`, `updated_at`) VALUES ('41', 'qui', '1983-02-07 05:42:24', '1982-11-11 01:00:56');
INSERT INTO `labels` (`id`, `label_name`, `created_at`, `updated_at`) VALUES ('42', 'sed', '2011-04-23 03:02:04', '1985-09-25 06:08:35');
INSERT INTO `labels` (`id`, `label_name`, `created_at`, `updated_at`) VALUES ('43', 'quaerat', '1978-02-16 23:46:21', '1982-06-08 16:07:35');
INSERT INTO `labels` (`id`, `label_name`, `created_at`, `updated_at`) VALUES ('44', 'sunt', '2005-12-23 09:31:46', '2003-03-10 01:52:37');
INSERT INTO `labels` (`id`, `label_name`, `created_at`, `updated_at`) VALUES ('45', 'aut', '2015-07-30 03:32:25', '2013-05-11 20:22:26');
INSERT INTO `labels` (`id`, `label_name`, `created_at`, `updated_at`) VALUES ('46', 'voluptas', '1980-11-01 09:26:59', '1992-05-23 18:43:11');
INSERT INTO `labels` (`id`, `label_name`, `created_at`, `updated_at`) VALUES ('47', 'dolorem', '1981-06-23 21:54:51', '2012-10-20 02:51:04');
INSERT INTO `labels` (`id`, `label_name`, `created_at`, `updated_at`) VALUES ('48', 'quo', '1990-08-21 13:25:20', '1988-03-17 01:40:51');
INSERT INTO `labels` (`id`, `label_name`, `created_at`, `updated_at`) VALUES ('49', 'voluptatem', '1987-08-25 02:10:16', '2001-08-27 21:41:00');
INSERT INTO `labels` (`id`, `label_name`, `created_at`, `updated_at`) VALUES ('50', 'aliquam', '2007-02-08 22:10:03', '1984-09-28 20:07:17');
INSERT INTO `labels` (`id`, `label_name`, `created_at`, `updated_at`) VALUES ('51', 'laudantium', '2007-02-25 09:03:10', '2016-06-03 17:03:30');
INSERT INTO `labels` (`id`, `label_name`, `created_at`, `updated_at`) VALUES ('52', 'magnam', '2009-10-13 14:03:17', '1970-10-22 17:47:40');
INSERT INTO `labels` (`id`, `label_name`, `created_at`, `updated_at`) VALUES ('53', 'eveniet', '1999-11-02 09:19:26', '2007-10-01 19:35:13');
INSERT INTO `labels` (`id`, `label_name`, `created_at`, `updated_at`) VALUES ('54', 'id', '2010-01-28 12:57:50', '1991-01-02 13:25:48');
INSERT INTO `labels` (`id`, `label_name`, `created_at`, `updated_at`) VALUES ('55', 'a', '2007-05-08 23:44:11', '1977-09-16 08:00:39');
INSERT INTO `labels` (`id`, `label_name`, `created_at`, `updated_at`) VALUES ('56', 'dolor', '1974-11-10 15:59:14', '1976-12-27 09:56:26');
INSERT INTO `labels` (`id`, `label_name`, `created_at`, `updated_at`) VALUES ('57', 'aspernatur', '2019-09-19 15:55:39', '2004-07-30 23:13:29');
INSERT INTO `labels` (`id`, `label_name`, `created_at`, `updated_at`) VALUES ('58', 'doloremque', '1989-05-04 06:02:19', '1986-08-08 21:51:53');
INSERT INTO `labels` (`id`, `label_name`, `created_at`, `updated_at`) VALUES ('59', 'quo', '2006-04-26 13:00:50', '1996-08-08 22:55:22');
INSERT INTO `labels` (`id`, `label_name`, `created_at`, `updated_at`) VALUES ('60', 'autem', '1981-12-06 10:22:58', '2006-05-05 09:53:23');
INSERT INTO `labels` (`id`, `label_name`, `created_at`, `updated_at`) VALUES ('61', 'exercitationem', '2008-01-20 22:32:26', '1978-12-31 18:38:09');
INSERT INTO `labels` (`id`, `label_name`, `created_at`, `updated_at`) VALUES ('62', 'nam', '1973-02-20 11:41:19', '1995-08-18 20:39:54');
INSERT INTO `labels` (`id`, `label_name`, `created_at`, `updated_at`) VALUES ('63', 'debitis', '1979-12-25 05:19:09', '1996-10-31 15:37:47');
INSERT INTO `labels` (`id`, `label_name`, `created_at`, `updated_at`) VALUES ('64', 'cumque', '2014-05-16 11:55:30', '2020-08-31 15:21:58');
INSERT INTO `labels` (`id`, `label_name`, `created_at`, `updated_at`) VALUES ('65', 'quos', '1979-01-10 13:34:15', '2005-10-25 09:52:42');
INSERT INTO `labels` (`id`, `label_name`, `created_at`, `updated_at`) VALUES ('66', 'molestiae', '1974-03-19 15:24:28', '1985-01-22 23:37:45');
INSERT INTO `labels` (`id`, `label_name`, `created_at`, `updated_at`) VALUES ('67', 'velit', '2010-08-08 08:53:07', '1990-11-03 17:35:11');
INSERT INTO `labels` (`id`, `label_name`, `created_at`, `updated_at`) VALUES ('68', 'dolores', '2009-12-10 18:07:17', '1984-01-27 22:21:48');
INSERT INTO `labels` (`id`, `label_name`, `created_at`, `updated_at`) VALUES ('69', 'quam', '1998-01-21 00:34:44', '2010-09-11 06:44:15');
INSERT INTO `labels` (`id`, `label_name`, `created_at`, `updated_at`) VALUES ('70', 'voluptatem', '2003-06-03 20:01:52', '1981-11-20 17:46:17');
INSERT INTO `labels` (`id`, `label_name`, `created_at`, `updated_at`) VALUES ('71', 'ipsum', '2013-01-21 21:49:27', '1995-03-27 14:09:08');
INSERT INTO `labels` (`id`, `label_name`, `created_at`, `updated_at`) VALUES ('72', 'ut', '1971-01-04 16:57:43', '1978-08-19 00:23:51');
INSERT INTO `labels` (`id`, `label_name`, `created_at`, `updated_at`) VALUES ('73', 'enim', '1995-06-06 11:09:55', '2018-07-28 21:52:18');
INSERT INTO `labels` (`id`, `label_name`, `created_at`, `updated_at`) VALUES ('74', 'sint', '2000-07-18 02:14:03', '1972-02-01 17:38:48');
INSERT INTO `labels` (`id`, `label_name`, `created_at`, `updated_at`) VALUES ('75', 'nesciunt', '1997-03-09 05:19:49', '1979-05-18 17:44:36');
INSERT INTO `labels` (`id`, `label_name`, `created_at`, `updated_at`) VALUES ('76', 'odio', '1979-08-21 21:38:40', '1974-06-15 09:02:15');
INSERT INTO `labels` (`id`, `label_name`, `created_at`, `updated_at`) VALUES ('77', 'atque', '2001-08-19 22:34:00', '1975-07-11 05:07:30');
INSERT INTO `labels` (`id`, `label_name`, `created_at`, `updated_at`) VALUES ('78', 'sed', '1988-02-24 21:14:45', '1992-11-12 15:28:39');
INSERT INTO `labels` (`id`, `label_name`, `created_at`, `updated_at`) VALUES ('79', 'ratione', '2005-10-26 12:00:04', '2002-08-03 21:30:52');
INSERT INTO `labels` (`id`, `label_name`, `created_at`, `updated_at`) VALUES ('80', 'eos', '1978-04-01 14:51:34', '1991-07-13 14:14:39');
INSERT INTO `labels` (`id`, `label_name`, `created_at`, `updated_at`) VALUES ('81', 'qui', '1997-04-21 16:24:08', '2003-05-01 19:35:27');
INSERT INTO `labels` (`id`, `label_name`, `created_at`, `updated_at`) VALUES ('82', 'aut', '2005-08-08 12:53:18', '2003-09-29 17:10:16');
INSERT INTO `labels` (`id`, `label_name`, `created_at`, `updated_at`) VALUES ('83', 'ea', '2002-05-04 15:21:07', '1976-07-07 19:38:55');
INSERT INTO `labels` (`id`, `label_name`, `created_at`, `updated_at`) VALUES ('84', 'consectetur', '1986-03-20 17:42:01', '1983-03-15 04:57:23');
INSERT INTO `labels` (`id`, `label_name`, `created_at`, `updated_at`) VALUES ('85', 'ullam', '2002-10-25 20:05:14', '1991-08-10 10:03:15');
INSERT INTO `labels` (`id`, `label_name`, `created_at`, `updated_at`) VALUES ('86', 'nemo', '1970-05-30 18:36:03', '2017-10-07 20:27:12');
INSERT INTO `labels` (`id`, `label_name`, `created_at`, `updated_at`) VALUES ('87', 'nemo', '1971-02-09 08:08:56', '2001-05-20 23:43:43');
INSERT INTO `labels` (`id`, `label_name`, `created_at`, `updated_at`) VALUES ('88', 'id', '1973-05-03 15:39:03', '1987-09-17 12:01:50');
INSERT INTO `labels` (`id`, `label_name`, `created_at`, `updated_at`) VALUES ('89', 'eligendi', '1999-02-20 07:54:33', '1981-02-01 19:22:05');
INSERT INTO `labels` (`id`, `label_name`, `created_at`, `updated_at`) VALUES ('90', 'maxime', '1975-03-19 05:00:22', '1977-02-21 06:14:20');
INSERT INTO `labels` (`id`, `label_name`, `created_at`, `updated_at`) VALUES ('91', 'vel', '2003-10-04 16:53:03', '2002-12-03 01:15:14');
INSERT INTO `labels` (`id`, `label_name`, `created_at`, `updated_at`) VALUES ('92', 'animi', '2012-08-04 06:07:30', '1989-10-09 05:35:05');
INSERT INTO `labels` (`id`, `label_name`, `created_at`, `updated_at`) VALUES ('93', 'placeat', '1981-06-16 18:59:02', '2001-05-22 19:48:14');
INSERT INTO `labels` (`id`, `label_name`, `created_at`, `updated_at`) VALUES ('94', 'consequuntur', '1976-08-09 23:15:43', '1993-08-12 19:41:37');
INSERT INTO `labels` (`id`, `label_name`, `created_at`, `updated_at`) VALUES ('95', 'provident', '2000-03-13 15:32:22', '2018-07-21 13:52:06');
INSERT INTO `labels` (`id`, `label_name`, `created_at`, `updated_at`) VALUES ('96', 'veniam', '2007-01-05 18:49:26', '2012-01-22 22:33:49');
INSERT INTO `labels` (`id`, `label_name`, `created_at`, `updated_at`) VALUES ('97', 'nulla', '1986-07-27 13:29:12', '1973-06-30 20:39:00');
INSERT INTO `labels` (`id`, `label_name`, `created_at`, `updated_at`) VALUES ('98', 'possimus', '1970-12-23 10:54:38', '2013-07-19 11:19:12');
INSERT INTO `labels` (`id`, `label_name`, `created_at`, `updated_at`) VALUES ('99', 'facilis', '2011-12-28 03:14:05', '2016-04-26 01:35:57');
INSERT INTO `labels` (`id`, `label_name`, `created_at`, `updated_at`) VALUES ('100', 'rerum', '2008-03-08 16:47:02', '1979-07-13 20:21:30');


# TABLE STRUCTURE FOR: performers

INSERT INTO `performers` (`id`, `performer_name`, `label_id`, `created_at`, `updated_at`) VALUES ('1', 'iste', '77', '2009-07-12 05:35:12', '1976-01-05 13:08:51');
INSERT INTO `performers` (`id`, `performer_name`, `label_id`, `created_at`, `updated_at`) VALUES ('2', 'aliquid', '17', '1986-11-15 08:41:06', '2021-04-28 16:40:39');
INSERT INTO `performers` (`id`, `performer_name`, `label_id`, `created_at`, `updated_at`) VALUES ('3', 'nostrum', '81', '1971-08-22 07:58:57', '1974-10-12 06:16:04');
INSERT INTO `performers` (`id`, `performer_name`, `label_id`, `created_at`, `updated_at`) VALUES ('4', 'asperiores', '84', '2011-01-02 01:36:59', '1972-10-15 16:59:27');
INSERT INTO `performers` (`id`, `performer_name`, `label_id`, `created_at`, `updated_at`) VALUES ('5', 'asperiores', '87', '2015-04-28 05:03:11', '1992-07-13 09:29:35');
INSERT INTO `performers` (`id`, `performer_name`, `label_id`, `created_at`, `updated_at`) VALUES ('6', 'sunt', '44', '1974-03-05 00:01:55', '1998-10-07 07:32:13');
INSERT INTO `performers` (`id`, `performer_name`, `label_id`, `created_at`, `updated_at`) VALUES ('7', 'est', '99', '1999-08-11 16:34:42', '1991-04-27 19:45:10');
INSERT INTO `performers` (`id`, `performer_name`, `label_id`, `created_at`, `updated_at`) VALUES ('8', 'ipsam', '73', '1994-03-05 16:51:54', '2003-05-12 13:04:29');
INSERT INTO `performers` (`id`, `performer_name`, `label_id`, `created_at`, `updated_at`) VALUES ('9', 'dolorem', '16', '1977-09-13 11:40:43', '1989-06-01 20:48:06');
INSERT INTO `performers` (`id`, `performer_name`, `label_id`, `created_at`, `updated_at`) VALUES ('10', 'ullam', '24', '1973-10-09 18:23:50', '2012-01-04 04:47:34');
INSERT INTO `performers` (`id`, `performer_name`, `label_id`, `created_at`, `updated_at`) VALUES ('11', 'libero', '100', '1982-03-22 14:14:15', '1980-03-15 16:14:29');
INSERT INTO `performers` (`id`, `performer_name`, `label_id`, `created_at`, `updated_at`) VALUES ('12', 'iure', '59', '2002-11-16 17:29:54', '2007-06-12 13:38:32');
INSERT INTO `performers` (`id`, `performer_name`, `label_id`, `created_at`, `updated_at`) VALUES ('13', 'non', '47', '1994-09-22 13:51:04', '1998-06-27 23:18:41');
INSERT INTO `performers` (`id`, `performer_name`, `label_id`, `created_at`, `updated_at`) VALUES ('14', 'quos', '71', '2005-11-05 15:11:03', '1973-09-16 20:04:03');
INSERT INTO `performers` (`id`, `performer_name`, `label_id`, `created_at`, `updated_at`) VALUES ('15', 'voluptas', '80', '2003-01-14 06:25:37', '2019-08-09 03:27:44');
INSERT INTO `performers` (`id`, `performer_name`, `label_id`, `created_at`, `updated_at`) VALUES ('16', 'dolores', '99', '1991-07-14 07:39:31', '1984-02-23 08:57:11');
INSERT INTO `performers` (`id`, `performer_name`, `label_id`, `created_at`, `updated_at`) VALUES ('17', 'earum', '50', '2019-10-05 15:57:54', '1984-03-03 10:31:49');
INSERT INTO `performers` (`id`, `performer_name`, `label_id`, `created_at`, `updated_at`) VALUES ('18', 'debitis', '99', '2012-07-05 17:51:36', '1976-02-24 09:52:26');
INSERT INTO `performers` (`id`, `performer_name`, `label_id`, `created_at`, `updated_at`) VALUES ('19', 'aut', '32', '2002-10-18 13:57:37', '1972-08-28 06:30:38');
INSERT INTO `performers` (`id`, `performer_name`, `label_id`, `created_at`, `updated_at`) VALUES ('20', 'necessitatibus', '53', '1970-02-18 07:40:31', '2004-07-05 03:27:04');
INSERT INTO `performers` (`id`, `performer_name`, `label_id`, `created_at`, `updated_at`) VALUES ('21', 'et', '6', '2019-12-17 03:44:22', '1970-07-03 01:18:13');
INSERT INTO `performers` (`id`, `performer_name`, `label_id`, `created_at`, `updated_at`) VALUES ('22', 'sit', '54', '1985-09-19 22:48:42', '2018-03-01 17:32:29');
INSERT INTO `performers` (`id`, `performer_name`, `label_id`, `created_at`, `updated_at`) VALUES ('23', 'molestiae', '77', '1972-04-04 05:10:05', '2014-04-08 14:29:08');
INSERT INTO `performers` (`id`, `performer_name`, `label_id`, `created_at`, `updated_at`) VALUES ('24', 'quidem', '95', '2015-08-20 15:26:20', '1979-09-18 21:56:49');
INSERT INTO `performers` (`id`, `performer_name`, `label_id`, `created_at`, `updated_at`) VALUES ('25', 'placeat', '75', '2009-12-25 05:13:04', '2003-05-13 10:40:11');
INSERT INTO `performers` (`id`, `performer_name`, `label_id`, `created_at`, `updated_at`) VALUES ('26', 'est', '48', '2002-05-17 01:02:03', '2019-01-10 00:55:14');
INSERT INTO `performers` (`id`, `performer_name`, `label_id`, `created_at`, `updated_at`) VALUES ('27', 'maiores', '60', '2000-08-06 17:43:22', '1974-05-21 05:58:52');
INSERT INTO `performers` (`id`, `performer_name`, `label_id`, `created_at`, `updated_at`) VALUES ('28', 'doloribus', '38', '2014-11-06 02:28:17', '1985-08-29 05:55:59');
INSERT INTO `performers` (`id`, `performer_name`, `label_id`, `created_at`, `updated_at`) VALUES ('29', 'ratione', '85', '2021-06-13 14:42:57', '1980-10-14 01:14:28');
INSERT INTO `performers` (`id`, `performer_name`, `label_id`, `created_at`, `updated_at`) VALUES ('30', 'et', '67', '2016-11-23 21:49:58', '1979-02-05 22:38:21');
INSERT INTO `performers` (`id`, `performer_name`, `label_id`, `created_at`, `updated_at`) VALUES ('31', 'occaecati', '60', '2010-04-06 11:08:04', '1973-04-06 06:41:10');
INSERT INTO `performers` (`id`, `performer_name`, `label_id`, `created_at`, `updated_at`) VALUES ('32', 'nihil', '62', '1986-08-23 20:00:04', '1983-01-20 15:57:02');
INSERT INTO `performers` (`id`, `performer_name`, `label_id`, `created_at`, `updated_at`) VALUES ('33', 'repudiandae', '84', '1971-08-05 18:49:21', '2000-03-23 20:02:18');
INSERT INTO `performers` (`id`, `performer_name`, `label_id`, `created_at`, `updated_at`) VALUES ('34', 'ab', '40', '2014-11-19 15:21:12', '2003-02-14 00:32:44');
INSERT INTO `performers` (`id`, `performer_name`, `label_id`, `created_at`, `updated_at`) VALUES ('35', 'tempore', '46', '1997-06-19 02:53:15', '2017-03-25 01:39:47');
INSERT INTO `performers` (`id`, `performer_name`, `label_id`, `created_at`, `updated_at`) VALUES ('36', 'cum', '70', '2017-10-15 19:44:20', '1980-12-04 04:00:56');
INSERT INTO `performers` (`id`, `performer_name`, `label_id`, `created_at`, `updated_at`) VALUES ('37', 'aut', '84', '2019-05-28 02:23:16', '1985-06-22 12:50:27');
INSERT INTO `performers` (`id`, `performer_name`, `label_id`, `created_at`, `updated_at`) VALUES ('38', 'dolorum', '44', '2016-03-27 06:35:22', '2013-11-19 22:33:35');
INSERT INTO `performers` (`id`, `performer_name`, `label_id`, `created_at`, `updated_at`) VALUES ('39', 'consequatur', '42', '1997-03-10 19:21:53', '1981-04-10 06:43:43');
INSERT INTO `performers` (`id`, `performer_name`, `label_id`, `created_at`, `updated_at`) VALUES ('40', 'asperiores', '100', '2011-03-23 02:51:12', '2017-07-24 07:31:50');
INSERT INTO `performers` (`id`, `performer_name`, `label_id`, `created_at`, `updated_at`) VALUES ('41', 'vero', '68', '1994-09-09 15:03:27', '2017-09-25 22:25:14');
INSERT INTO `performers` (`id`, `performer_name`, `label_id`, `created_at`, `updated_at`) VALUES ('42', 'nulla', '41', '1998-11-21 05:35:39', '1978-01-18 13:53:25');
INSERT INTO `performers` (`id`, `performer_name`, `label_id`, `created_at`, `updated_at`) VALUES ('43', 'laborum', '58', '1983-05-12 06:55:38', '2017-02-11 06:32:02');
INSERT INTO `performers` (`id`, `performer_name`, `label_id`, `created_at`, `updated_at`) VALUES ('44', 'dolores', '14', '1992-04-13 00:30:52', '2014-12-19 12:22:24');
INSERT INTO `performers` (`id`, `performer_name`, `label_id`, `created_at`, `updated_at`) VALUES ('45', 'consequatur', '12', '1981-04-12 11:35:44', '1997-01-28 01:00:17');
INSERT INTO `performers` (`id`, `performer_name`, `label_id`, `created_at`, `updated_at`) VALUES ('46', 'veritatis', '38', '2015-11-14 18:20:12', '2016-11-22 17:42:52');
INSERT INTO `performers` (`id`, `performer_name`, `label_id`, `created_at`, `updated_at`) VALUES ('47', 'ullam', '13', '1982-05-27 09:58:54', '1984-10-02 02:33:37');
INSERT INTO `performers` (`id`, `performer_name`, `label_id`, `created_at`, `updated_at`) VALUES ('48', 'perspiciatis', '62', '1985-06-26 13:00:23', '2016-07-27 18:16:38');
INSERT INTO `performers` (`id`, `performer_name`, `label_id`, `created_at`, `updated_at`) VALUES ('49', 'incidunt', '37', '1981-11-09 02:45:35', '2006-05-31 02:08:31');
INSERT INTO `performers` (`id`, `performer_name`, `label_id`, `created_at`, `updated_at`) VALUES ('50', 'qui', '45', '1973-08-15 18:17:33', '1980-04-02 02:27:19');
INSERT INTO `performers` (`id`, `performer_name`, `label_id`, `created_at`, `updated_at`) VALUES ('51', 'maiores', '15', '1989-08-24 04:54:43', '2005-12-06 22:14:52');
INSERT INTO `performers` (`id`, `performer_name`, `label_id`, `created_at`, `updated_at`) VALUES ('52', 'sapiente', '42', '1974-01-06 09:09:10', '2006-01-09 16:24:29');
INSERT INTO `performers` (`id`, `performer_name`, `label_id`, `created_at`, `updated_at`) VALUES ('53', 'quis', '98', '2001-09-30 06:08:19', '2002-11-26 23:51:21');
INSERT INTO `performers` (`id`, `performer_name`, `label_id`, `created_at`, `updated_at`) VALUES ('54', 'porro', '91', '2005-05-06 19:59:25', '1980-09-11 20:58:19');
INSERT INTO `performers` (`id`, `performer_name`, `label_id`, `created_at`, `updated_at`) VALUES ('55', 'exercitationem', '37', '1991-05-24 07:15:51', '2008-08-05 20:20:48');
INSERT INTO `performers` (`id`, `performer_name`, `label_id`, `created_at`, `updated_at`) VALUES ('56', 'qui', '72', '2016-11-16 02:44:41', '1971-07-30 05:23:35');
INSERT INTO `performers` (`id`, `performer_name`, `label_id`, `created_at`, `updated_at`) VALUES ('57', 'atque', '39', '2008-07-06 02:56:33', '2015-07-04 22:54:24');
INSERT INTO `performers` (`id`, `performer_name`, `label_id`, `created_at`, `updated_at`) VALUES ('58', 'est', '96', '1989-09-07 17:06:12', '1992-06-10 07:25:01');
INSERT INTO `performers` (`id`, `performer_name`, `label_id`, `created_at`, `updated_at`) VALUES ('59', 'a', '10', '1983-04-16 02:25:46', '2003-09-05 18:57:32');
INSERT INTO `performers` (`id`, `performer_name`, `label_id`, `created_at`, `updated_at`) VALUES ('60', 'quae', '23', '1981-12-19 21:48:33', '2016-06-05 17:18:20');
INSERT INTO `performers` (`id`, `performer_name`, `label_id`, `created_at`, `updated_at`) VALUES ('61', 'iure', '63', '2020-02-27 15:53:43', '1992-07-24 20:17:11');
INSERT INTO `performers` (`id`, `performer_name`, `label_id`, `created_at`, `updated_at`) VALUES ('62', 'nam', '70', '1990-02-02 07:24:29', '1977-03-30 10:07:01');
INSERT INTO `performers` (`id`, `performer_name`, `label_id`, `created_at`, `updated_at`) VALUES ('63', 'quos', '85', '2001-03-17 11:53:23', '1991-10-30 22:01:53');
INSERT INTO `performers` (`id`, `performer_name`, `label_id`, `created_at`, `updated_at`) VALUES ('64', 'est', '46', '1979-02-21 15:47:25', '2014-10-14 02:01:32');
INSERT INTO `performers` (`id`, `performer_name`, `label_id`, `created_at`, `updated_at`) VALUES ('65', 'officiis', '9', '2014-11-07 14:50:04', '1972-12-30 19:00:26');
INSERT INTO `performers` (`id`, `performer_name`, `label_id`, `created_at`, `updated_at`) VALUES ('66', 'nobis', '30', '2016-04-24 11:49:14', '2005-09-13 08:28:26');
INSERT INTO `performers` (`id`, `performer_name`, `label_id`, `created_at`, `updated_at`) VALUES ('67', 'qui', '15', '2010-05-14 18:56:03', '2002-02-24 15:45:27');
INSERT INTO `performers` (`id`, `performer_name`, `label_id`, `created_at`, `updated_at`) VALUES ('68', 'distinctio', '93', '1990-12-08 04:49:43', '1989-02-14 18:52:18');
INSERT INTO `performers` (`id`, `performer_name`, `label_id`, `created_at`, `updated_at`) VALUES ('69', 'tenetur', '74', '1988-02-28 15:08:39', '1995-05-04 15:56:29');
INSERT INTO `performers` (`id`, `performer_name`, `label_id`, `created_at`, `updated_at`) VALUES ('70', 'pariatur', '57', '2016-02-27 22:18:32', '1974-08-11 19:11:01');
INSERT INTO `performers` (`id`, `performer_name`, `label_id`, `created_at`, `updated_at`) VALUES ('71', 'voluptate', '92', '1998-01-11 12:14:18', '1974-08-22 08:15:55');
INSERT INTO `performers` (`id`, `performer_name`, `label_id`, `created_at`, `updated_at`) VALUES ('72', 'animi', '42', '2009-01-06 09:55:11', '1987-08-17 16:39:35');
INSERT INTO `performers` (`id`, `performer_name`, `label_id`, `created_at`, `updated_at`) VALUES ('73', 'quia', '98', '1985-08-30 17:09:39', '1989-10-03 00:50:15');
INSERT INTO `performers` (`id`, `performer_name`, `label_id`, `created_at`, `updated_at`) VALUES ('74', 'ut', '50', '2003-05-21 03:27:51', '1981-09-03 14:25:35');
INSERT INTO `performers` (`id`, `performer_name`, `label_id`, `created_at`, `updated_at`) VALUES ('75', 'accusamus', '55', '1996-06-08 10:15:06', '1974-07-26 01:27:02');
INSERT INTO `performers` (`id`, `performer_name`, `label_id`, `created_at`, `updated_at`) VALUES ('76', 'molestiae', '9', '2014-03-19 13:02:53', '1974-08-11 15:32:07');
INSERT INTO `performers` (`id`, `performer_name`, `label_id`, `created_at`, `updated_at`) VALUES ('77', 'impedit', '88', '1994-10-30 04:49:25', '1998-12-07 14:14:55');
INSERT INTO `performers` (`id`, `performer_name`, `label_id`, `created_at`, `updated_at`) VALUES ('78', 'iure', '68', '1987-07-20 03:06:46', '1997-10-11 00:26:20');
INSERT INTO `performers` (`id`, `performer_name`, `label_id`, `created_at`, `updated_at`) VALUES ('79', 'unde', '71', '1988-03-03 08:14:50', '2018-07-12 03:38:07');
INSERT INTO `performers` (`id`, `performer_name`, `label_id`, `created_at`, `updated_at`) VALUES ('80', 'molestiae', '24', '2004-11-07 18:15:51', '1990-06-10 20:22:10');
INSERT INTO `performers` (`id`, `performer_name`, `label_id`, `created_at`, `updated_at`) VALUES ('81', 'natus', '12', '1973-06-21 04:18:20', '2019-08-29 03:53:31');
INSERT INTO `performers` (`id`, `performer_name`, `label_id`, `created_at`, `updated_at`) VALUES ('82', 'quis', '85', '1983-03-12 15:38:31', '1973-06-16 21:20:27');
INSERT INTO `performers` (`id`, `performer_name`, `label_id`, `created_at`, `updated_at`) VALUES ('83', 'aut', '66', '1974-10-27 03:44:09', '1983-11-04 03:41:48');
INSERT INTO `performers` (`id`, `performer_name`, `label_id`, `created_at`, `updated_at`) VALUES ('84', 'ut', '9', '1995-10-12 08:06:10', '2019-04-22 19:01:40');
INSERT INTO `performers` (`id`, `performer_name`, `label_id`, `created_at`, `updated_at`) VALUES ('85', 'sint', '76', '1977-11-13 20:33:41', '1988-08-03 12:49:04');
INSERT INTO `performers` (`id`, `performer_name`, `label_id`, `created_at`, `updated_at`) VALUES ('86', 'optio', '3', '2005-08-16 04:23:44', '2000-11-24 02:42:31');
INSERT INTO `performers` (`id`, `performer_name`, `label_id`, `created_at`, `updated_at`) VALUES ('87', 'doloribus', '81', '2010-03-30 17:36:43', '1993-08-13 11:08:37');
INSERT INTO `performers` (`id`, `performer_name`, `label_id`, `created_at`, `updated_at`) VALUES ('88', 'voluptas', '14', '1971-09-06 05:04:51', '2002-05-10 20:49:34');
INSERT INTO `performers` (`id`, `performer_name`, `label_id`, `created_at`, `updated_at`) VALUES ('89', 'iure', '98', '2007-03-24 09:18:02', '1999-08-24 11:49:33');
INSERT INTO `performers` (`id`, `performer_name`, `label_id`, `created_at`, `updated_at`) VALUES ('90', 'atque', '91', '2015-10-13 14:56:03', '1989-02-16 02:48:50');
INSERT INTO `performers` (`id`, `performer_name`, `label_id`, `created_at`, `updated_at`) VALUES ('91', 'soluta', '37', '1976-10-20 11:15:05', '1984-06-19 05:52:11');
INSERT INTO `performers` (`id`, `performer_name`, `label_id`, `created_at`, `updated_at`) VALUES ('92', 'vitae', '60', '2002-01-15 15:33:54', '2009-02-24 23:42:29');
INSERT INTO `performers` (`id`, `performer_name`, `label_id`, `created_at`, `updated_at`) VALUES ('93', 'delectus', '60', '2018-06-22 07:31:19', '1971-08-14 16:24:55');
INSERT INTO `performers` (`id`, `performer_name`, `label_id`, `created_at`, `updated_at`) VALUES ('94', 'facere', '22', '1991-03-23 07:49:17', '2018-01-30 12:22:53');
INSERT INTO `performers` (`id`, `performer_name`, `label_id`, `created_at`, `updated_at`) VALUES ('95', 'harum', '6', '1986-04-18 07:26:52', '2002-08-18 16:17:04');
INSERT INTO `performers` (`id`, `performer_name`, `label_id`, `created_at`, `updated_at`) VALUES ('96', 'est', '69', '2002-02-22 21:22:55', '1985-09-04 00:37:44');
INSERT INTO `performers` (`id`, `performer_name`, `label_id`, `created_at`, `updated_at`) VALUES ('97', 'quae', '52', '1997-04-13 12:19:57', '2017-06-07 11:33:04');
INSERT INTO `performers` (`id`, `performer_name`, `label_id`, `created_at`, `updated_at`) VALUES ('98', 'eos', '20', '2001-04-14 00:29:15', '2007-03-08 21:03:37');
INSERT INTO `performers` (`id`, `performer_name`, `label_id`, `created_at`, `updated_at`) VALUES ('99', 'deleniti', '61', '1994-12-08 23:45:52', '1998-01-09 16:50:44');
INSERT INTO `performers` (`id`, `performer_name`, `label_id`, `created_at`, `updated_at`) VALUES ('100', 'rerum', '26', '1974-01-29 12:11:44', '1993-10-28 22:59:22');


# TABLE STRUCTURE FOR: albums
INSERT INTO `albums` (`id`, `album_title`, `release_at`, `performer_id`, `tag_id`, `created_at`, `updated_at`) VALUES ('1', 'Doloremque beatae autem enim sapiente id quo.', '2007-08-03', '68', '47', '2014-09-16 11:55:53', '2007-01-13 10:17:08');
INSERT INTO `albums` (`id`, `album_title`, `release_at`, `performer_id`, `tag_id`, `created_at`, `updated_at`) VALUES ('2', 'Sint consequuntur minus nisi recusandae dolores.', '2016-08-29', '91', '55', '2007-05-20 21:21:59', '2015-06-15 22:02:54');
INSERT INTO `albums` (`id`, `album_title`, `release_at`, `performer_id`, `tag_id`, `created_at`, `updated_at`) VALUES ('3', 'Aut dolores soluta vel vel.', '1977-01-12', '86', '68', '1976-11-29 15:32:32', '2009-01-23 16:54:10');
INSERT INTO `albums` (`id`, `album_title`, `release_at`, `performer_id`, `tag_id`, `created_at`, `updated_at`) VALUES ('4', 'Culpa earum natus cupiditate sequi maxime est.', '1977-01-23', '8', '13', '1973-02-22 03:00:00', '1994-02-20 14:58:52');
INSERT INTO `albums` (`id`, `album_title`, `release_at`, `performer_id`, `tag_id`, `created_at`, `updated_at`) VALUES ('5', 'Vel voluptatem praesentium fugiat tenetur.', '1999-12-31', '58', '47', '1999-04-29 20:28:01', '1973-02-13 02:19:19');
INSERT INTO `albums` (`id`, `album_title`, `release_at`, `performer_id`, `tag_id`, `created_at`, `updated_at`) VALUES ('6', 'Id dignissimos dolores magni et quaerat ut.', '1992-05-18', '35', '65', '1992-11-03 05:54:03', '2004-01-18 11:26:51');
INSERT INTO `albums` (`id`, `album_title`, `release_at`, `performer_id`, `tag_id`, `created_at`, `updated_at`) VALUES ('7', 'Nihil placeat laborum ea quo.', '2014-11-29', '82', '65', '1986-04-11 11:22:09', '1976-10-05 13:34:22');
INSERT INTO `albums` (`id`, `album_title`, `release_at`, `performer_id`, `tag_id`, `created_at`, `updated_at`) VALUES ('8', 'Enim est reprehenderit quia deleniti iste.', '2002-01-27', '87', '45', '1996-08-06 06:26:44', '1990-11-03 02:47:53');
INSERT INTO `albums` (`id`, `album_title`, `release_at`, `performer_id`, `tag_id`, `created_at`, `updated_at`) VALUES ('9', 'Sint harum veritatis architecto.', '2019-11-15', '63', '4', '1992-03-11 06:57:13', '2016-02-22 22:51:25');
INSERT INTO `albums` (`id`, `album_title`, `release_at`, `performer_id`, `tag_id`, `created_at`, `updated_at`) VALUES ('10', 'Dignissimos eligendi ea nihil nesciunt non.', '2006-07-15', '16', '49', '1971-10-27 09:06:43', '1977-12-12 22:29:12');
INSERT INTO `albums` (`id`, `album_title`, `release_at`, `performer_id`, `tag_id`, `created_at`, `updated_at`) VALUES ('11', 'Iusto facilis voluptatem incidunt qui.', '1976-10-28', '86', '79', '1972-04-04 06:31:16', '1997-11-18 18:08:36');
INSERT INTO `albums` (`id`, `album_title`, `release_at`, `performer_id`, `tag_id`, `created_at`, `updated_at`) VALUES ('12', 'Quasi cupiditate temporibus error molestiae.', '1972-10-05', '67', '71', '1991-08-14 09:12:49', '2019-06-29 01:22:19');
INSERT INTO `albums` (`id`, `album_title`, `release_at`, `performer_id`, `tag_id`, `created_at`, `updated_at`) VALUES ('13', 'Et omnis earum dolores.', '1981-10-24', '100', '100', '1988-07-18 13:28:07', '2010-02-03 01:32:04');
INSERT INTO `albums` (`id`, `album_title`, `release_at`, `performer_id`, `tag_id`, `created_at`, `updated_at`) VALUES ('14', 'Sit qui eveniet vitae.', '2007-12-29', '58', '68', '1988-12-11 05:22:40', '1987-09-15 04:58:41');
INSERT INTO `albums` (`id`, `album_title`, `release_at`, `performer_id`, `tag_id`, `created_at`, `updated_at`) VALUES ('15', 'Animi iure deleniti fugiat odio asperiores.', '1976-03-30', '44', '5', '2015-05-18 02:02:20', '2010-11-02 03:53:29');
INSERT INTO `albums` (`id`, `album_title`, `release_at`, `performer_id`, `tag_id`, `created_at`, `updated_at`) VALUES ('16', 'Dignissimos esse est cum voluptate aliquam.', '2017-01-03', '68', '12', '2018-01-12 15:26:48', '2016-10-08 21:12:08');
INSERT INTO `albums` (`id`, `album_title`, `release_at`, `performer_id`, `tag_id`, `created_at`, `updated_at`) VALUES ('17', 'Non culpa assumenda amet animi animi id.', '1976-01-07', '51', '58', '1971-06-18 05:27:24', '1995-06-15 02:45:48');
INSERT INTO `albums` (`id`, `album_title`, `release_at`, `performer_id`, `tag_id`, `created_at`, `updated_at`) VALUES ('18', 'Ut iste expedita officiis saepe.', '1974-04-24', '67', '36', '1993-11-30 09:28:01', '2004-03-02 14:47:41');
INSERT INTO `albums` (`id`, `album_title`, `release_at`, `performer_id`, `tag_id`, `created_at`, `updated_at`) VALUES ('19', 'Aut necessitatibus itaque dolore praesentium.', '1978-05-28', '25', '75', '2002-06-08 20:40:52', '1984-11-06 08:05:55');
INSERT INTO `albums` (`id`, `album_title`, `release_at`, `performer_id`, `tag_id`, `created_at`, `updated_at`) VALUES ('20', 'Quia eveniet nostrum et perferendis.', '2015-02-05', '49', '83', '1980-03-11 20:42:32', '1988-03-04 14:57:12');
INSERT INTO `albums` (`id`, `album_title`, `release_at`, `performer_id`, `tag_id`, `created_at`, `updated_at`) VALUES ('21', 'Nesciunt at sunt recusandae rem nulla eveniet.', '1977-05-21', '21', '84', '1982-12-06 07:35:40', '2014-09-16 15:07:42');
INSERT INTO `albums` (`id`, `album_title`, `release_at`, `performer_id`, `tag_id`, `created_at`, `updated_at`) VALUES ('22', 'Sit ipsa voluptatem sunt cum maxime aut.', '1992-12-11', '47', '3', '1979-06-29 19:39:55', '1977-09-05 00:05:42');
INSERT INTO `albums` (`id`, `album_title`, `release_at`, `performer_id`, `tag_id`, `created_at`, `updated_at`) VALUES ('23', 'Minus deserunt officiis earum rerum earum.', '1977-03-08', '48', '34', '2010-02-18 01:19:56', '1999-05-15 12:59:38');
INSERT INTO `albums` (`id`, `album_title`, `release_at`, `performer_id`, `tag_id`, `created_at`, `updated_at`) VALUES ('24', 'Itaque aliquid dolores ut veritatis modi ut.', '2014-09-19', '48', '10', '1983-01-15 10:42:10', '2016-01-24 06:47:33');
INSERT INTO `albums` (`id`, `album_title`, `release_at`, `performer_id`, `tag_id`, `created_at`, `updated_at`) VALUES ('25', 'Voluptate velit sequi hic expedita et.', '2004-01-22', '38', '63', '1981-08-14 05:25:37', '1971-05-26 01:10:45');
INSERT INTO `albums` (`id`, `album_title`, `release_at`, `performer_id`, `tag_id`, `created_at`, `updated_at`) VALUES ('26', 'Unde dicta iste libero iure quia ut et.', '2008-11-10', '59', '23', '2007-01-26 18:48:10', '1978-09-08 06:40:47');
INSERT INTO `albums` (`id`, `album_title`, `release_at`, `performer_id`, `tag_id`, `created_at`, `updated_at`) VALUES ('27', 'Optio nihil consectetur dolores.', '2003-10-09', '42', '25', '1998-07-12 10:22:39', '1977-08-05 02:38:46');
INSERT INTO `albums` (`id`, `album_title`, `release_at`, `performer_id`, `tag_id`, `created_at`, `updated_at`) VALUES ('28', 'Rerum sint natus quia veritatis.', '1971-12-17', '94', '42', '1996-08-17 08:08:33', '1994-02-11 19:11:03');
INSERT INTO `albums` (`id`, `album_title`, `release_at`, `performer_id`, `tag_id`, `created_at`, `updated_at`) VALUES ('29', 'Deserunt dolorum eos ut quam quo ab.', '2011-01-20', '24', '51', '2010-03-30 03:06:46', '1998-07-12 17:02:30');
INSERT INTO `albums` (`id`, `album_title`, `release_at`, `performer_id`, `tag_id`, `created_at`, `updated_at`) VALUES ('30', 'Eligendi omnis sed non et atque aut eligendi.', '1991-10-23', '10', '68', '1981-08-25 14:38:53', '1980-09-24 06:12:36');
INSERT INTO `albums` (`id`, `album_title`, `release_at`, `performer_id`, `tag_id`, `created_at`, `updated_at`) VALUES ('31', 'Maiores nulla ea placeat cupiditate ab.', '2013-06-08', '56', '77', '2013-11-19 02:53:04', '1998-03-06 23:37:29');
INSERT INTO `albums` (`id`, `album_title`, `release_at`, `performer_id`, `tag_id`, `created_at`, `updated_at`) VALUES ('32', 'Hic vel ratione voluptatem omnis.', '2013-06-24', '80', '6', '1973-12-27 18:25:12', '1975-03-04 07:35:34');
INSERT INTO `albums` (`id`, `album_title`, `release_at`, `performer_id`, `tag_id`, `created_at`, `updated_at`) VALUES ('33', 'Odio consectetur officiis deleniti et corporis.', '1997-08-12', '35', '46', '2000-12-18 10:06:11', '2006-08-05 07:05:15');
INSERT INTO `albums` (`id`, `album_title`, `release_at`, `performer_id`, `tag_id`, `created_at`, `updated_at`) VALUES ('34', 'Praesentium et et repellat ullam.', '1970-03-19', '42', '59', '2020-09-24 09:37:08', '2004-09-09 23:30:27');
INSERT INTO `albums` (`id`, `album_title`, `release_at`, `performer_id`, `tag_id`, `created_at`, `updated_at`) VALUES ('35', 'Quasi dolor molestiae voluptatem sed voluptatem.', '1985-03-22', '20', '91', '2020-07-30 19:44:24', '1974-07-22 22:49:30');
INSERT INTO `albums` (`id`, `album_title`, `release_at`, `performer_id`, `tag_id`, `created_at`, `updated_at`) VALUES ('36', 'Sequi nostrum dolorum ad sunt incidunt fugit.', '1986-04-23', '42', '41', '1982-12-20 09:55:53', '1973-11-01 07:26:37');
INSERT INTO `albums` (`id`, `album_title`, `release_at`, `performer_id`, `tag_id`, `created_at`, `updated_at`) VALUES ('37', 'Aut maiores numquam ut sequi quas.', '1985-05-26', '74', '88', '1993-12-30 02:54:59', '2001-11-07 16:34:43');
INSERT INTO `albums` (`id`, `album_title`, `release_at`, `performer_id`, `tag_id`, `created_at`, `updated_at`) VALUES ('38', 'Harum sit et ipsum earum.', '2004-03-09', '44', '22', '2004-07-09 04:55:06', '2000-10-06 00:57:19');
INSERT INTO `albums` (`id`, `album_title`, `release_at`, `performer_id`, `tag_id`, `created_at`, `updated_at`) VALUES ('39', 'Sequi et animi omnis corporis dolor.', '2016-03-04', '21', '91', '1983-04-26 20:35:54', '1985-10-23 07:43:26');
INSERT INTO `albums` (`id`, `album_title`, `release_at`, `performer_id`, `tag_id`, `created_at`, `updated_at`) VALUES ('40', 'Quas esse cum quaerat est facilis aut qui.', '2003-08-11', '32', '59', '1985-01-19 08:32:04', '1991-09-09 09:17:04');
INSERT INTO `albums` (`id`, `album_title`, `release_at`, `performer_id`, `tag_id`, `created_at`, `updated_at`) VALUES ('41', 'Optio minima ducimus vel ab neque quis.', '2009-05-24', '54', '90', '1977-08-15 23:51:08', '2004-09-25 15:21:10');
INSERT INTO `albums` (`id`, `album_title`, `release_at`, `performer_id`, `tag_id`, `created_at`, `updated_at`) VALUES ('42', 'Non molestias dolores sit aut labore quidem.', '1981-06-02', '81', '96', '1988-02-03 06:40:05', '2003-11-22 00:18:43');
INSERT INTO `albums` (`id`, `album_title`, `release_at`, `performer_id`, `tag_id`, `created_at`, `updated_at`) VALUES ('43', 'Quo nam voluptatem doloribus beatae qui amet.', '1989-06-06', '14', '75', '1991-09-26 11:15:22', '1979-03-28 11:24:29');
INSERT INTO `albums` (`id`, `album_title`, `release_at`, `performer_id`, `tag_id`, `created_at`, `updated_at`) VALUES ('44', 'A est voluptatem harum autem quo quia omnis.', '1995-02-02', '37', '38', '1983-03-21 22:22:23', '1973-06-27 03:18:36');
INSERT INTO `albums` (`id`, `album_title`, `release_at`, `performer_id`, `tag_id`, `created_at`, `updated_at`) VALUES ('45', 'Voluptas possimus hic omnis odio perferendis.', '2016-11-25', '25', '47', '1984-07-07 17:28:32', '2021-05-31 07:17:14');
INSERT INTO `albums` (`id`, `album_title`, `release_at`, `performer_id`, `tag_id`, `created_at`, `updated_at`) VALUES ('46', 'Quasi nesciunt repellendus rerum qui.', '1988-11-21', '5', '81', '2015-06-05 03:32:49', '1974-09-29 10:20:40');
INSERT INTO `albums` (`id`, `album_title`, `release_at`, `performer_id`, `tag_id`, `created_at`, `updated_at`) VALUES ('47', 'Voluptas quod nam est quo quod ullam sint.', '1982-06-17', '23', '84', '1989-11-17 15:01:43', '1994-01-02 13:41:41');
INSERT INTO `albums` (`id`, `album_title`, `release_at`, `performer_id`, `tag_id`, `created_at`, `updated_at`) VALUES ('48', 'Eos earum sapiente vero quidem.', '1971-05-23', '87', '57', '1972-01-23 04:13:00', '1990-08-01 09:57:01');
INSERT INTO `albums` (`id`, `album_title`, `release_at`, `performer_id`, `tag_id`, `created_at`, `updated_at`) VALUES ('49', 'Illum distinctio dolores maiores nobis deleniti.', '2007-03-08', '30', '28', '1986-01-13 09:55:40', '2000-07-05 07:03:28');
INSERT INTO `albums` (`id`, `album_title`, `release_at`, `performer_id`, `tag_id`, `created_at`, `updated_at`) VALUES ('50', 'Ullam sed impedit fugiat quam dolorem impedit et.', '2001-03-21', '16', '49', '1984-11-01 21:56:15', '1998-02-01 04:11:23');
INSERT INTO `albums` (`id`, `album_title`, `release_at`, `performer_id`, `tag_id`, `created_at`, `updated_at`) VALUES ('51', 'Quos animi esse voluptate et facere.', '1990-10-01', '19', '57', '1998-06-06 13:50:11', '2019-07-12 21:11:21');
INSERT INTO `albums` (`id`, `album_title`, `release_at`, `performer_id`, `tag_id`, `created_at`, `updated_at`) VALUES ('52', 'Delectus labore doloribus nihil blanditiis.', '2006-01-28', '90', '93', '2018-05-26 23:06:51', '1981-01-24 13:18:44');
INSERT INTO `albums` (`id`, `album_title`, `release_at`, `performer_id`, `tag_id`, `created_at`, `updated_at`) VALUES ('53', 'Rem commodi provident quisquam vero in cum et.', '2016-01-27', '45', '33', '1993-01-25 08:29:35', '2004-12-12 05:28:11');
INSERT INTO `albums` (`id`, `album_title`, `release_at`, `performer_id`, `tag_id`, `created_at`, `updated_at`) VALUES ('54', 'Quo atque ut eaque aut aut.', '2016-10-17', '14', '66', '1970-08-25 05:16:02', '2004-10-03 13:20:12');
INSERT INTO `albums` (`id`, `album_title`, `release_at`, `performer_id`, `tag_id`, `created_at`, `updated_at`) VALUES ('55', 'Rerum pariatur et dolorem mollitia fuga.', '2012-01-04', '23', '45', '1986-09-03 08:30:46', '1975-05-11 06:40:25');
INSERT INTO `albums` (`id`, `album_title`, `release_at`, `performer_id`, `tag_id`, `created_at`, `updated_at`) VALUES ('56', 'Nesciunt tempora earum harum.', '2012-10-26', '24', '77', '2007-11-19 07:54:19', '1994-03-20 19:28:40');
INSERT INTO `albums` (`id`, `album_title`, `release_at`, `performer_id`, `tag_id`, `created_at`, `updated_at`) VALUES ('57', 'Id temporibus facere voluptates aut.', '1989-05-03', '34', '5', '2017-08-28 21:34:01', '1977-10-16 17:44:59');
INSERT INTO `albums` (`id`, `album_title`, `release_at`, `performer_id`, `tag_id`, `created_at`, `updated_at`) VALUES ('58', 'At porro et asperiores fugit est.', '2011-03-30', '72', '48', '2002-08-26 07:54:53', '1989-06-24 21:36:13');
INSERT INTO `albums` (`id`, `album_title`, `release_at`, `performer_id`, `tag_id`, `created_at`, `updated_at`) VALUES ('59', 'Maxime vero ipsa in molestias repudiandae.', '2008-10-08', '79', '9', '1972-11-30 19:52:39', '2021-07-31 08:50:03');
INSERT INTO `albums` (`id`, `album_title`, `release_at`, `performer_id`, `tag_id`, `created_at`, `updated_at`) VALUES ('60', 'Praesentium omnis sapiente explicabo est aut.', '2017-07-25', '85', '4', '1993-07-31 11:20:57', '2007-04-15 06:59:16');
INSERT INTO `albums` (`id`, `album_title`, `release_at`, `performer_id`, `tag_id`, `created_at`, `updated_at`) VALUES ('61', 'Similique accusamus aut soluta mollitia rerum.', '2016-05-14', '55', '89', '1986-09-17 06:32:06', '1989-08-12 23:17:48');
INSERT INTO `albums` (`id`, `album_title`, `release_at`, `performer_id`, `tag_id`, `created_at`, `updated_at`) VALUES ('62', 'Quis non quidem non commodi.', '1987-07-30', '84', '78', '2019-08-10 07:19:55', '1989-08-24 19:04:26');
INSERT INTO `albums` (`id`, `album_title`, `release_at`, `performer_id`, `tag_id`, `created_at`, `updated_at`) VALUES ('63', 'Accusamus quos labore perferendis dolores et.', '1988-03-29', '73', '70', '2002-07-30 06:15:27', '2010-05-16 09:53:27');
INSERT INTO `albums` (`id`, `album_title`, `release_at`, `performer_id`, `tag_id`, `created_at`, `updated_at`) VALUES ('64', 'Consequatur illo veritatis maxime.', '2007-02-20', '35', '2', '1990-01-26 09:02:10', '2015-08-05 12:15:51');
INSERT INTO `albums` (`id`, `album_title`, `release_at`, `performer_id`, `tag_id`, `created_at`, `updated_at`) VALUES ('65', 'Debitis quo libero nihil et earum.', '1988-09-25', '98', '51', '1978-06-19 19:44:45', '2004-01-15 07:59:16');
INSERT INTO `albums` (`id`, `album_title`, `release_at`, `performer_id`, `tag_id`, `created_at`, `updated_at`) VALUES ('66', 'Ut esse eligendi dolore nostrum quia consectetur.', '2014-10-29', '51', '16', '2003-05-22 02:54:37', '2016-07-20 19:01:19');
INSERT INTO `albums` (`id`, `album_title`, `release_at`, `performer_id`, `tag_id`, `created_at`, `updated_at`) VALUES ('67', 'Magnam modi ullam repellendus nisi.', '1986-11-09', '8', '40', '1998-09-26 01:56:46', '2018-10-05 04:21:21');
INSERT INTO `albums` (`id`, `album_title`, `release_at`, `performer_id`, `tag_id`, `created_at`, `updated_at`) VALUES ('68', 'Tenetur nemo itaque cumque porro.', '1999-03-16', '9', '52', '1981-10-04 06:19:22', '1978-04-09 11:48:15');
INSERT INTO `albums` (`id`, `album_title`, `release_at`, `performer_id`, `tag_id`, `created_at`, `updated_at`) VALUES ('69', 'Accusantium sapiente atque eos eum similique.', '2018-07-19', '72', '22', '2001-03-19 11:00:42', '2013-03-17 13:15:19');
INSERT INTO `albums` (`id`, `album_title`, `release_at`, `performer_id`, `tag_id`, `created_at`, `updated_at`) VALUES ('70', 'Nobis illum pariatur eveniet hic.', '2006-09-18', '18', '95', '1976-02-28 18:31:06', '2018-01-06 22:18:02');
INSERT INTO `albums` (`id`, `album_title`, `release_at`, `performer_id`, `tag_id`, `created_at`, `updated_at`) VALUES ('71', 'Dolorem omnis vel quia rerum.', '2004-01-10', '66', '41', '2006-02-01 10:01:28', '1988-02-18 08:47:05');
INSERT INTO `albums` (`id`, `album_title`, `release_at`, `performer_id`, `tag_id`, `created_at`, `updated_at`) VALUES ('72', 'Libero hic ab aut eaque autem quis quia et.', '2002-01-18', '72', '100', '1998-05-09 21:05:31', '1983-01-19 00:44:50');
INSERT INTO `albums` (`id`, `album_title`, `release_at`, `performer_id`, `tag_id`, `created_at`, `updated_at`) VALUES ('73', 'Dolore consequatur itaque quo expedita.', '1975-09-14', '46', '43', '1995-03-07 12:28:57', '1980-08-27 07:08:18');
INSERT INTO `albums` (`id`, `album_title`, `release_at`, `performer_id`, `tag_id`, `created_at`, `updated_at`) VALUES ('74', 'Cum vitae nulla illum vero aut voluptatibus.', '1971-07-28', '47', '24', '2012-11-14 23:01:18', '2011-07-02 00:37:55');
INSERT INTO `albums` (`id`, `album_title`, `release_at`, `performer_id`, `tag_id`, `created_at`, `updated_at`) VALUES ('75', 'Enim cum veritatis asperiores est eum ea animi.', '1990-11-07', '52', '31', '1979-12-16 18:22:22', '1979-11-18 00:40:03');
INSERT INTO `albums` (`id`, `album_title`, `release_at`, `performer_id`, `tag_id`, `created_at`, `updated_at`) VALUES ('76', 'Quos ea eum officiis voluptatum quia vel.', '2021-08-12', '27', '6', '2020-02-12 18:09:11', '2001-04-19 15:31:56');
INSERT INTO `albums` (`id`, `album_title`, `release_at`, `performer_id`, `tag_id`, `created_at`, `updated_at`) VALUES ('77', 'Quia rerum debitis id consequatur.', '2020-07-06', '20', '11', '1972-09-15 15:33:22', '2002-01-04 03:50:06');
INSERT INTO `albums` (`id`, `album_title`, `release_at`, `performer_id`, `tag_id`, `created_at`, `updated_at`) VALUES ('78', 'Consequatur temporibus qui rem eligendi.', '1986-12-04', '84', '93', '2009-10-30 18:03:58', '1975-05-08 16:25:44');
INSERT INTO `albums` (`id`, `album_title`, `release_at`, `performer_id`, `tag_id`, `created_at`, `updated_at`) VALUES ('79', 'Sapiente rerum et maxime.', '1999-03-15', '80', '19', '1994-12-18 04:22:24', '2017-02-16 16:19:16');
INSERT INTO `albums` (`id`, `album_title`, `release_at`, `performer_id`, `tag_id`, `created_at`, `updated_at`) VALUES ('80', 'Sint neque ipsam natus pariatur.', '1972-10-06', '94', '78', '1979-05-25 17:16:15', '2014-06-18 22:01:35');
INSERT INTO `albums` (`id`, `album_title`, `release_at`, `performer_id`, `tag_id`, `created_at`, `updated_at`) VALUES ('81', 'Aut et at eos repudiandae vel cumque.', '2005-04-14', '69', '45', '1992-02-02 23:21:00', '1975-03-14 17:44:41');
INSERT INTO `albums` (`id`, `album_title`, `release_at`, `performer_id`, `tag_id`, `created_at`, `updated_at`) VALUES ('82', 'Quidem ut ullam labore eum qui eum.', '1977-07-26', '94', '76', '1973-12-30 15:58:20', '1977-06-01 09:25:32');
INSERT INTO `albums` (`id`, `album_title`, `release_at`, `performer_id`, `tag_id`, `created_at`, `updated_at`) VALUES ('83', 'Alias et quis magni molestiae quasi nihil harum.', '2019-07-12', '84', '2', '1983-07-23 02:34:41', '1999-06-02 12:25:09');
INSERT INTO `albums` (`id`, `album_title`, `release_at`, `performer_id`, `tag_id`, `created_at`, `updated_at`) VALUES ('84', 'Magnam eligendi in aspernatur.', '2000-05-20', '28', '56', '1986-04-19 08:22:06', '2001-08-15 20:57:19');
INSERT INTO `albums` (`id`, `album_title`, `release_at`, `performer_id`, `tag_id`, `created_at`, `updated_at`) VALUES ('85', 'Quaerat cupiditate est omnis beatae aut ab.', '1995-05-05', '23', '45', '2001-04-15 01:35:52', '1979-10-07 17:54:27');
INSERT INTO `albums` (`id`, `album_title`, `release_at`, `performer_id`, `tag_id`, `created_at`, `updated_at`) VALUES ('86', 'Ratione non aut illum eos accusamus.', '2020-07-31', '51', '89', '2003-09-22 10:07:49', '1988-05-30 06:01:11');
INSERT INTO `albums` (`id`, `album_title`, `release_at`, `performer_id`, `tag_id`, `created_at`, `updated_at`) VALUES ('87', 'Sed incidunt vero facilis id ut incidunt.', '1970-05-12', '86', '22', '2013-10-11 19:27:23', '2007-02-27 18:29:21');
INSERT INTO `albums` (`id`, `album_title`, `release_at`, `performer_id`, `tag_id`, `created_at`, `updated_at`) VALUES ('88', 'Molestiae unde aut omnis eos totam voluptatem ea.', '2010-03-31', '88', '31', '2016-11-01 02:20:15', '1973-04-19 14:40:43');
INSERT INTO `albums` (`id`, `album_title`, `release_at`, `performer_id`, `tag_id`, `created_at`, `updated_at`) VALUES ('89', 'Commodi error porro repellat neque tempore.', '2020-12-01', '65', '35', '1997-09-04 07:20:03', '1990-12-20 19:09:28');
INSERT INTO `albums` (`id`, `album_title`, `release_at`, `performer_id`, `tag_id`, `created_at`, `updated_at`) VALUES ('90', 'Cum corrupti consequuntur eum corrupti autem.', '2001-06-16', '54', '16', '2014-06-14 12:41:11', '1977-03-13 15:13:49');
INSERT INTO `albums` (`id`, `album_title`, `release_at`, `performer_id`, `tag_id`, `created_at`, `updated_at`) VALUES ('91', 'Quaerat impedit modi accusantium.', '1979-01-06', '66', '81', '1991-02-10 21:02:34', '2007-08-21 11:57:45');
INSERT INTO `albums` (`id`, `album_title`, `release_at`, `performer_id`, `tag_id`, `created_at`, `updated_at`) VALUES ('92', 'Voluptas quos accusamus possimus praesentium.', '1970-02-11', '22', '85', '1982-05-24 17:08:52', '2020-08-02 14:00:57');
INSERT INTO `albums` (`id`, `album_title`, `release_at`, `performer_id`, `tag_id`, `created_at`, `updated_at`) VALUES ('93', 'Velit porro facere ut.', '2019-12-27', '92', '5', '2020-06-27 06:03:08', '2009-11-09 18:40:54');
INSERT INTO `albums` (`id`, `album_title`, `release_at`, `performer_id`, `tag_id`, `created_at`, `updated_at`) VALUES ('94', 'Facere facilis nihil voluptatem nam asperiores.', '1988-05-23', '77', '72', '2020-07-26 14:07:33', '1997-04-18 08:09:16');
INSERT INTO `albums` (`id`, `album_title`, `release_at`, `performer_id`, `tag_id`, `created_at`, `updated_at`) VALUES ('95', 'Quas debitis voluptatem ducimus ducimus et et.', '1978-01-11', '23', '71', '2003-01-07 03:55:45', '1980-07-24 08:04:38');
INSERT INTO `albums` (`id`, `album_title`, `release_at`, `performer_id`, `tag_id`, `created_at`, `updated_at`) VALUES ('96', 'Ullam adipisci voluptates et et et nam autem.', '1997-08-21', '49', '92', '2000-01-08 15:03:20', '2021-04-04 02:13:25');
INSERT INTO `albums` (`id`, `album_title`, `release_at`, `performer_id`, `tag_id`, `created_at`, `updated_at`) VALUES ('97', 'Ipsa voluptatem dolor voluptatem enim.', '2020-08-06', '16', '42', '1978-05-26 01:37:59', '2011-11-06 13:40:19');
INSERT INTO `albums` (`id`, `album_title`, `release_at`, `performer_id`, `tag_id`, `created_at`, `updated_at`) VALUES ('98', 'Quam hic voluptas harum cupiditate voluptas.', '1989-09-05', '67', '99', '1977-10-26 01:21:29', '2007-04-10 03:33:34');
INSERT INTO `albums` (`id`, `album_title`, `release_at`, `performer_id`, `tag_id`, `created_at`, `updated_at`) VALUES ('99', 'Recusandae laborum cum quia.', '1996-10-24', '44', '94', '2011-10-14 14:38:33', '1977-12-19 11:02:40');
INSERT INTO `albums` (`id`, `album_title`, `release_at`, `performer_id`, `tag_id`, `created_at`, `updated_at`) VALUES ('100', 'Sunt nam soluta et rem tenetur.', '1994-05-13', '55', '66', '1993-03-04 16:20:01', '1997-04-04 13:42:41');

# TABLE STRUCTURE FOR: users

INSERT INTO `users` (`id`, `email`, `first_name`, `last_name`, `phone`, `active_subscribe`, `created_at`, `updated_at`) VALUES ('1', 'madelynn.hintz@example.org', 'Xander', 'Glover', '89783861417', 0, '1991-07-23 03:00:16', '2009-12-19 15:35:38');
INSERT INTO `users` (`id`, `email`, `first_name`, `last_name`, `phone`, `active_subscribe`, `created_at`, `updated_at`) VALUES ('2', 'rvandervort@example.net', 'Okey', 'Douglas', '89907142686', 0, '1974-11-06 10:53:14', '1998-10-18 00:13:35');
INSERT INTO `users` (`id`, `email`, `first_name`, `last_name`, `phone`, `active_subscribe`, `created_at`, `updated_at`) VALUES ('3', 'alberta23@example.net', 'Mathew', 'O\'Reilly', '89410696459', 0, '2003-01-30 14:00:37', '1974-08-28 06:13:00');
INSERT INTO `users` (`id`, `email`, `first_name`, `last_name`, `phone`, `active_subscribe`, `created_at`, `updated_at`) VALUES ('4', 'morar.rahul@example.org', 'Rose', 'Langworth', '89402729442', 0, '1976-04-16 00:11:40', '1972-12-04 18:01:51');
INSERT INTO `users` (`id`, `email`, `first_name`, `last_name`, `phone`, `active_subscribe`, `created_at`, `updated_at`) VALUES ('5', 'kilback.chanel@example.org', 'Alysha', 'Schmidt', '89303966171', 0, '1996-09-09 15:58:44', '1992-07-12 05:30:33');
INSERT INTO `users` (`id`, `email`, `first_name`, `last_name`, `phone`, `active_subscribe`, `created_at`, `updated_at`) VALUES ('6', 'mercedes29@example.com', 'Hal', 'Little', '89391471113', 0, '1995-11-03 06:46:55', '2003-12-09 08:32:03');
INSERT INTO `users` (`id`, `email`, `first_name`, `last_name`, `phone`, `active_subscribe`, `created_at`, `updated_at`) VALUES ('7', 'btoy@example.com', 'Samara', 'Zboncak', '89109500310', 1, '1981-02-18 19:00:35', '1984-08-03 16:21:46');
INSERT INTO `users` (`id`, `email`, `first_name`, `last_name`, `phone`, `active_subscribe`, `created_at`, `updated_at`) VALUES ('8', 'arden.ritchie@example.net', 'Serenity', 'Langworth', '89658713079', 1, '1979-02-22 04:36:42', '1989-05-30 19:40:47');
INSERT INTO `users` (`id`, `email`, `first_name`, `last_name`, `phone`, `active_subscribe`, `created_at`, `updated_at`) VALUES ('9', 'qkling@example.org', 'Cleveland', 'Deckow', '89336577735', 1, '2008-06-04 11:06:00', '2009-03-11 00:45:06');
INSERT INTO `users` (`id`, `email`, `first_name`, `last_name`, `phone`, `active_subscribe`, `created_at`, `updated_at`) VALUES ('10', 'melyssa71@example.org', 'Brando', 'Hickle', '89285991729', 0, '1970-03-26 18:09:38', '1985-10-17 08:55:45');
INSERT INTO `users` (`id`, `email`, `first_name`, `last_name`, `phone`, `active_subscribe`, `created_at`, `updated_at`) VALUES ('11', 'estrella.brekke@example.net', 'Julius', 'Wiegand', '89767682809', 0, '1992-11-18 01:13:11', '1982-10-14 07:28:21');
INSERT INTO `users` (`id`, `email`, `first_name`, `last_name`, `phone`, `active_subscribe`, `created_at`, `updated_at`) VALUES ('12', 'balistreri.marguerite@example.net', 'Karlee', 'Johns', '89206641610', 0, '1979-09-21 21:11:45', '2002-03-03 02:58:45');
INSERT INTO `users` (`id`, `email`, `first_name`, `last_name`, `phone`, `active_subscribe`, `created_at`, `updated_at`) VALUES ('13', 'wehner.austin@example.net', 'Bobby', 'Greenfelder', '89968421276', 0, '1991-07-06 00:34:10', '1996-11-07 00:23:57');
INSERT INTO `users` (`id`, `email`, `first_name`, `last_name`, `phone`, `active_subscribe`, `created_at`, `updated_at`) VALUES ('14', 'nmclaughlin@example.org', 'Elian', 'Reynolds', '89165139077', 0, '2014-04-17 10:12:17', '1999-10-11 16:36:15');
INSERT INTO `users` (`id`, `email`, `first_name`, `last_name`, `phone`, `active_subscribe`, `created_at`, `updated_at`) VALUES ('15', 'enoch84@example.com', 'Jordon', 'Daniel', '89341728349', 0, '2016-02-16 07:19:27', '2005-02-28 19:42:07');
INSERT INTO `users` (`id`, `email`, `first_name`, `last_name`, `phone`, `active_subscribe`, `created_at`, `updated_at`) VALUES ('16', 'rowe.lina@example.net', 'Omer', 'Johnson', '89589315437', 1, '1980-11-14 06:02:53', '1988-11-22 15:42:47');
INSERT INTO `users` (`id`, `email`, `first_name`, `last_name`, `phone`, `active_subscribe`, `created_at`, `updated_at`) VALUES ('17', 'kilback.mable@example.com', 'Arvid', 'Kertzmann', '89380053157', 0, '1973-03-23 00:19:52', '2016-01-29 12:33:14');
INSERT INTO `users` (`id`, `email`, `first_name`, `last_name`, `phone`, `active_subscribe`, `created_at`, `updated_at`) VALUES ('18', 'christiansen.zelda@example.net', 'Jermaine', 'Hansen', '89895523479', 1, '2004-04-10 10:41:30', '2007-02-20 08:11:42');
INSERT INTO `users` (`id`, `email`, `first_name`, `last_name`, `phone`, `active_subscribe`, `created_at`, `updated_at`) VALUES ('19', 'jazmin.effertz@example.org', 'Karolann', 'Lakin', '89702399978', 1, '1980-02-08 14:50:15', '1982-02-10 14:42:08');
INSERT INTO `users` (`id`, `email`, `first_name`, `last_name`, `phone`, `active_subscribe`, `created_at`, `updated_at`) VALUES ('20', 'meda.bernhard@example.net', 'Lina', 'Von', '89188523649', 0, '1991-12-24 11:26:33', '1984-01-08 16:38:21');
INSERT INTO `users` (`id`, `email`, `first_name`, `last_name`, `phone`, `active_subscribe`, `created_at`, `updated_at`) VALUES ('21', 'kuhlman.daphne@example.com', 'Josh', 'Feeney', '89605966258', 0, '2010-03-04 12:10:55', '1997-02-16 06:50:13');
INSERT INTO `users` (`id`, `email`, `first_name`, `last_name`, `phone`, `active_subscribe`, `created_at`, `updated_at`) VALUES ('22', 'kessler.terry@example.net', 'Janice', 'Satterfield', '89129039688', 1, '1997-11-18 01:46:27', '1981-12-11 11:45:41');
INSERT INTO `users` (`id`, `email`, `first_name`, `last_name`, `phone`, `active_subscribe`, `created_at`, `updated_at`) VALUES ('23', 'kub.jaquan@example.net', 'Kiel', 'Jacobson', '89287487501', 0, '1993-07-03 07:47:15', '2015-06-17 10:26:40');
INSERT INTO `users` (`id`, `email`, `first_name`, `last_name`, `phone`, `active_subscribe`, `created_at`, `updated_at`) VALUES ('24', 'kareem.haag@example.com', 'Shaylee', 'Hirthe', '89311441500', 1, '1995-10-12 21:54:24', '2002-12-31 22:46:31');
INSERT INTO `users` (`id`, `email`, `first_name`, `last_name`, `phone`, `active_subscribe`, `created_at`, `updated_at`) VALUES ('25', 'yboyer@example.com', 'Jordy', 'Renner', '89763583819', 1, '2002-07-25 15:29:51', '1998-05-06 10:23:11');
INSERT INTO `users` (`id`, `email`, `first_name`, `last_name`, `phone`, `active_subscribe`, `created_at`, `updated_at`) VALUES ('26', 'xhirthe@example.net', 'Johann', 'Ziemann', '89615938757', 1, '1971-08-16 15:09:12', '1998-12-01 12:20:56');
INSERT INTO `users` (`id`, `email`, `first_name`, `last_name`, `phone`, `active_subscribe`, `created_at`, `updated_at`) VALUES ('27', 'ssauer@example.org', 'Oren', 'Kohler', '89121620965', 0, '2003-12-02 07:54:56', '1984-01-24 21:39:54');
INSERT INTO `users` (`id`, `email`, `first_name`, `last_name`, `phone`, `active_subscribe`, `created_at`, `updated_at`) VALUES ('28', 'xmohr@example.com', 'Conrad', 'Wiza', '89672634164', 0, '2011-07-29 21:16:27', '1994-05-02 08:54:42');
INSERT INTO `users` (`id`, `email`, `first_name`, `last_name`, `phone`, `active_subscribe`, `created_at`, `updated_at`) VALUES ('29', 'carter.rosamond@example.org', 'Stan', 'Rohan', '89652512802', 0, '2009-06-26 18:52:13', '1990-03-04 14:19:23');
INSERT INTO `users` (`id`, `email`, `first_name`, `last_name`, `phone`, `active_subscribe`, `created_at`, `updated_at`) VALUES ('30', 'becker.blake@example.net', 'Maude', 'Schimmel', '89288054753', 1, '2003-04-11 03:43:45', '1992-09-07 02:05:47');
INSERT INTO `users` (`id`, `email`, `first_name`, `last_name`, `phone`, `active_subscribe`, `created_at`, `updated_at`) VALUES ('31', 'murphy77@example.org', 'Urban', 'Prosacco', '89518590872', 1, '2007-04-17 04:50:44', '1985-10-15 14:16:01');
INSERT INTO `users` (`id`, `email`, `first_name`, `last_name`, `phone`, `active_subscribe`, `created_at`, `updated_at`) VALUES ('32', 'astehr@example.net', 'Eriberto', 'Hegmann', '89776073533', 0, '2017-06-25 15:49:32', '1998-12-11 01:35:00');
INSERT INTO `users` (`id`, `email`, `first_name`, `last_name`, `phone`, `active_subscribe`, `created_at`, `updated_at`) VALUES ('33', 'vaughn.rutherford@example.net', 'Johnny', 'Rowe', '89334305695', 0, '2015-04-13 10:23:53', '1975-03-23 06:31:01');
INSERT INTO `users` (`id`, `email`, `first_name`, `last_name`, `phone`, `active_subscribe`, `created_at`, `updated_at`) VALUES ('34', 'goldner.manley@example.net', 'Alycia', 'Tillman', '89944531115', 0, '1992-06-11 11:33:54', '1974-03-08 17:35:44');
INSERT INTO `users` (`id`, `email`, `first_name`, `last_name`, `phone`, `active_subscribe`, `created_at`, `updated_at`) VALUES ('35', 'zgorczany@example.net', 'Orlando', 'Conn', '89125999984', 1, '2002-09-09 17:27:45', '1976-12-05 11:32:32');
INSERT INTO `users` (`id`, `email`, `first_name`, `last_name`, `phone`, `active_subscribe`, `created_at`, `updated_at`) VALUES ('36', 'sporer.akeem@example.org', 'Schuyler', 'Marquardt', '89687472547', 1, '1996-12-14 04:35:56', '2007-05-20 00:31:41');
INSERT INTO `users` (`id`, `email`, `first_name`, `last_name`, `phone`, `active_subscribe`, `created_at`, `updated_at`) VALUES ('37', 'vjacobson@example.net', 'Carlie', 'Gutmann', '89126176284', 1, '1982-06-22 10:40:11', '2002-06-06 23:24:32');
INSERT INTO `users` (`id`, `email`, `first_name`, `last_name`, `phone`, `active_subscribe`, `created_at`, `updated_at`) VALUES ('38', 'qsipes@example.org', 'Ellis', 'O\'Conner', '89150896873', 0, '2002-12-07 06:14:17', '1984-02-17 09:18:39');
INSERT INTO `users` (`id`, `email`, `first_name`, `last_name`, `phone`, `active_subscribe`, `created_at`, `updated_at`) VALUES ('39', 'stefan.weissnat@example.net', 'Vincenzo', 'Howe', '89883652509', 1, '2003-12-20 06:24:37', '1987-09-03 19:37:38');
INSERT INTO `users` (`id`, `email`, `first_name`, `last_name`, `phone`, `active_subscribe`, `created_at`, `updated_at`) VALUES ('40', 'runolfsdottir.lura@example.org', 'Jaleel', 'Fay', '89508396748', 1, '2017-07-19 05:58:53', '1993-01-07 05:16:12');
INSERT INTO `users` (`id`, `email`, `first_name`, `last_name`, `phone`, `active_subscribe`, `created_at`, `updated_at`) VALUES ('41', 'hhowe@example.com', 'Dorothy', 'Braun', '89008060269', 1, '1977-07-22 22:11:04', '1975-02-21 22:18:23');
INSERT INTO `users` (`id`, `email`, `first_name`, `last_name`, `phone`, `active_subscribe`, `created_at`, `updated_at`) VALUES ('42', 'block.davin@example.org', 'Zoey', 'Mohr', '89834738484', 0, '2014-12-24 16:00:09', '2010-01-06 09:50:42');
INSERT INTO `users` (`id`, `email`, `first_name`, `last_name`, `phone`, `active_subscribe`, `created_at`, `updated_at`) VALUES ('43', 'winona48@example.net', 'Michelle', 'Gerlach', '89043420339', 0, '2005-11-01 16:16:48', '2016-09-15 15:30:36');
INSERT INTO `users` (`id`, `email`, `first_name`, `last_name`, `phone`, `active_subscribe`, `created_at`, `updated_at`) VALUES ('44', 'jcrona@example.com', 'Samanta', 'Borer', '89494533901', 0, '2017-04-23 02:50:38', '1976-04-18 22:46:43');
INSERT INTO `users` (`id`, `email`, `first_name`, `last_name`, `phone`, `active_subscribe`, `created_at`, `updated_at`) VALUES ('45', 'elouise06@example.net', 'Dangelo', 'DuBuque', '89042425440', 0, '2014-05-05 01:38:26', '1971-06-14 21:19:17');
INSERT INTO `users` (`id`, `email`, `first_name`, `last_name`, `phone`, `active_subscribe`, `created_at`, `updated_at`) VALUES ('46', 'quigley.ian@example.org', 'Bernadette', 'Bechtelar', '89395479147', 1, '1993-08-26 22:58:27', '1970-09-27 12:34:54');
INSERT INTO `users` (`id`, `email`, `first_name`, `last_name`, `phone`, `active_subscribe`, `created_at`, `updated_at`) VALUES ('47', 'doyle.keith@example.org', 'Kathlyn', 'Predovic', '89464630220', 1, '1974-03-23 22:08:43', '1992-02-19 17:37:31');
INSERT INTO `users` (`id`, `email`, `first_name`, `last_name`, `phone`, `active_subscribe`, `created_at`, `updated_at`) VALUES ('48', 'rhodkiewicz@example.com', 'Trystan', 'Cassin', '89422002512', 1, '1978-09-25 23:26:46', '1976-03-02 16:02:08');
INSERT INTO `users` (`id`, `email`, `first_name`, `last_name`, `phone`, `active_subscribe`, `created_at`, `updated_at`) VALUES ('49', 'angie50@example.org', 'Mollie', 'Wiza', '89967459109', 0, '1979-10-08 14:49:49', '2018-08-26 10:04:35');
INSERT INTO `users` (`id`, `email`, `first_name`, `last_name`, `phone`, `active_subscribe`, `created_at`, `updated_at`) VALUES ('50', 'heaven.ernser@example.com', 'Florencio', 'Renner', '89351962293', 1, '2012-05-29 10:25:11', '2007-07-28 18:48:41');
INSERT INTO `users` (`id`, `email`, `first_name`, `last_name`, `phone`, `active_subscribe`, `created_at`, `updated_at`) VALUES ('51', 'stroman.jermey@example.org', 'Boyd', 'Zieme', '89751916774', 0, '1979-08-20 04:56:37', '2014-01-09 05:20:33');
INSERT INTO `users` (`id`, `email`, `first_name`, `last_name`, `phone`, `active_subscribe`, `created_at`, `updated_at`) VALUES ('52', 'kobe.o\'reilly@example.net', 'Kacey', 'Schmeler', '89057491666', 1, '1977-12-27 22:40:41', '1980-04-29 23:33:28');
INSERT INTO `users` (`id`, `email`, `first_name`, `last_name`, `phone`, `active_subscribe`, `created_at`, `updated_at`) VALUES ('53', 'felipe.d\'amore@example.com', 'Elwin', 'O\'Keefe', '89605307875', 0, '2001-02-16 02:51:44', '1990-02-18 11:29:49');
INSERT INTO `users` (`id`, `email`, `first_name`, `last_name`, `phone`, `active_subscribe`, `created_at`, `updated_at`) VALUES ('54', 'wisoky.amir@example.org', 'Afton', 'Sporer', '89029495631', 1, '2001-12-03 14:03:40', '1977-07-20 15:51:48');
INSERT INTO `users` (`id`, `email`, `first_name`, `last_name`, `phone`, `active_subscribe`, `created_at`, `updated_at`) VALUES ('55', 'lgreen@example.org', 'Jena', 'Champlin', '89209948014', 0, '1992-03-30 00:48:30', '1978-11-06 10:55:30');
INSERT INTO `users` (`id`, `email`, `first_name`, `last_name`, `phone`, `active_subscribe`, `created_at`, `updated_at`) VALUES ('56', 'abbott.sheridan@example.org', 'Lolita', 'Dickens', '89563220573', 1, '1998-07-03 12:47:04', '2016-10-05 19:10:50');
INSERT INTO `users` (`id`, `email`, `first_name`, `last_name`, `phone`, `active_subscribe`, `created_at`, `updated_at`) VALUES ('57', 'murazik.glennie@example.com', 'Dereck', 'Collier', '89843716501', 1, '2020-05-14 17:19:04', '1994-04-14 19:38:45');
INSERT INTO `users` (`id`, `email`, `first_name`, `last_name`, `phone`, `active_subscribe`, `created_at`, `updated_at`) VALUES ('58', 'merlin88@example.com', 'Laura', 'Thiel', '89899625852', 1, '1981-04-01 01:22:03', '2015-08-09 17:59:16');
INSERT INTO `users` (`id`, `email`, `first_name`, `last_name`, `phone`, `active_subscribe`, `created_at`, `updated_at`) VALUES ('59', 'jarvis.collins@example.net', 'Wilma', 'Hammes', '89385923162', 1, '2013-12-11 13:06:36', '1979-12-02 02:29:19');
INSERT INTO `users` (`id`, `email`, `first_name`, `last_name`, `phone`, `active_subscribe`, `created_at`, `updated_at`) VALUES ('60', 'qfranecki@example.org', 'Jeffery', 'Hermiston', '89175034624', 1, '2012-09-24 09:23:38', '1970-06-04 08:05:17');
INSERT INTO `users` (`id`, `email`, `first_name`, `last_name`, `phone`, `active_subscribe`, `created_at`, `updated_at`) VALUES ('61', 'chanel.satterfield@example.com', 'Jakayla', 'Ernser', '89422269571', 0, '1996-04-11 08:55:01', '1981-03-13 14:31:27');
INSERT INTO `users` (`id`, `email`, `first_name`, `last_name`, `phone`, `active_subscribe`, `created_at`, `updated_at`) VALUES ('62', 'cynthia.walter@example.com', 'Emil', 'Schamberger', '89319468352', 1, '2006-02-02 11:28:01', '1981-02-15 11:59:37');
INSERT INTO `users` (`id`, `email`, `first_name`, `last_name`, `phone`, `active_subscribe`, `created_at`, `updated_at`) VALUES ('63', 'alexander.ziemann@example.org', 'Miller', 'Mosciski', '89205325779', 1, '2011-06-20 15:33:15', '1974-12-25 12:00:32');
INSERT INTO `users` (`id`, `email`, `first_name`, `last_name`, `phone`, `active_subscribe`, `created_at`, `updated_at`) VALUES ('64', 'qjacobi@example.org', 'Annetta', 'Batz', '89150965538', 1, '2008-03-26 21:33:07', '1994-02-28 14:46:37');
INSERT INTO `users` (`id`, `email`, `first_name`, `last_name`, `phone`, `active_subscribe`, `created_at`, `updated_at`) VALUES ('65', 'catherine39@example.org', 'Koby', 'Mosciski', '89280735694', 1, '1983-06-23 15:51:55', '1991-08-10 06:58:34');
INSERT INTO `users` (`id`, `email`, `first_name`, `last_name`, `phone`, `active_subscribe`, `created_at`, `updated_at`) VALUES ('66', 'kwest@example.com', 'Nestor', 'Shields', '89388312812', 1, '1992-03-14 02:08:26', '2000-05-22 16:50:32');
INSERT INTO `users` (`id`, `email`, `first_name`, `last_name`, `phone`, `active_subscribe`, `created_at`, `updated_at`) VALUES ('67', 'bechtelar.aidan@example.com', 'Shaun', 'Mueller', '89286483471', 0, '2011-08-29 23:25:47', '1997-09-08 03:53:51');
INSERT INTO `users` (`id`, `email`, `first_name`, `last_name`, `phone`, `active_subscribe`, `created_at`, `updated_at`) VALUES ('68', 'cwilderman@example.org', 'Osvaldo', 'Legros', '89122313000', 0, '1974-11-14 07:24:21', '1981-08-18 05:36:16');
INSERT INTO `users` (`id`, `email`, `first_name`, `last_name`, `phone`, `active_subscribe`, `created_at`, `updated_at`) VALUES ('69', 'dawn45@example.com', 'Ansel', 'Heller', '89960658747', 1, '1996-11-06 11:08:56', '1980-11-21 13:47:48');
INSERT INTO `users` (`id`, `email`, `first_name`, `last_name`, `phone`, `active_subscribe`, `created_at`, `updated_at`) VALUES ('70', 'maximilian.von@example.com', 'Katlyn', 'Kreiger', '89700870376', 0, '1995-03-20 03:02:20', '1974-03-21 15:51:06');
INSERT INTO `users` (`id`, `email`, `first_name`, `last_name`, `phone`, `active_subscribe`, `created_at`, `updated_at`) VALUES ('71', 'von.meta@example.net', 'Wava', 'Heaney', '89258850094', 0, '1982-07-19 06:45:13', '1988-08-03 18:49:36');
INSERT INTO `users` (`id`, `email`, `first_name`, `last_name`, `phone`, `active_subscribe`, `created_at`, `updated_at`) VALUES ('72', 'nkiehn@example.net', 'Lavern', 'Okuneva', '89887355873', 0, '1984-11-04 15:48:16', '2010-09-24 10:08:22');
INSERT INTO `users` (`id`, `email`, `first_name`, `last_name`, `phone`, `active_subscribe`, `created_at`, `updated_at`) VALUES ('73', 'miles63@example.org', 'Leola', 'Cormier', '89701894171', 0, '2015-06-13 09:50:39', '1979-12-16 12:44:37');
INSERT INTO `users` (`id`, `email`, `first_name`, `last_name`, `phone`, `active_subscribe`, `created_at`, `updated_at`) VALUES ('74', 'aryanna98@example.org', 'Anya', 'Kilback', '89953185869', 1, '2008-08-30 06:18:33', '2000-10-28 15:16:50');
INSERT INTO `users` (`id`, `email`, `first_name`, `last_name`, `phone`, `active_subscribe`, `created_at`, `updated_at`) VALUES ('75', 'keebler.zachery@example.org', 'Peter', 'Hickle', '89400795612', 0, '2009-05-24 12:11:29', '2003-06-24 15:16:26');
INSERT INTO `users` (`id`, `email`, `first_name`, `last_name`, `phone`, `active_subscribe`, `created_at`, `updated_at`) VALUES ('76', 'nhilpert@example.org', 'Delpha', 'Robel', '89437876340', 0, '1979-05-11 12:11:59', '1973-04-29 07:22:32');
INSERT INTO `users` (`id`, `email`, `first_name`, `last_name`, `phone`, `active_subscribe`, `created_at`, `updated_at`) VALUES ('77', 'rempel.annie@example.org', 'Everardo', 'Hermiston', '89563267778', 0, '1987-12-19 01:11:16', '2003-05-06 10:32:27');
INSERT INTO `users` (`id`, `email`, `first_name`, `last_name`, `phone`, `active_subscribe`, `created_at`, `updated_at`) VALUES ('78', 'zborer@example.com', 'Kayleigh', 'Aufderhar', '89583544971', 1, '2008-08-10 08:14:46', '1986-04-27 21:20:04');
INSERT INTO `users` (`id`, `email`, `first_name`, `last_name`, `phone`, `active_subscribe`, `created_at`, `updated_at`) VALUES ('79', 'bmacejkovic@example.net', 'Anika', 'Skiles', '89457646656', 1, '1975-12-11 03:21:39', '2018-10-21 08:33:45');
INSERT INTO `users` (`id`, `email`, `first_name`, `last_name`, `phone`, `active_subscribe`, `created_at`, `updated_at`) VALUES ('80', 'lang.isabel@example.org', 'Lauretta', 'Keeling', '89326366367', 1, '1986-11-14 09:30:08', '1996-03-23 04:15:06');
INSERT INTO `users` (`id`, `email`, `first_name`, `last_name`, `phone`, `active_subscribe`, `created_at`, `updated_at`) VALUES ('81', 'bbarton@example.org', 'Sean', 'Mayert', '89597511860', 0, '2008-09-04 22:53:57', '1993-05-27 00:20:23');
INSERT INTO `users` (`id`, `email`, `first_name`, `last_name`, `phone`, `active_subscribe`, `created_at`, `updated_at`) VALUES ('82', 'reilly.katheryn@example.net', 'Petra', 'Mills', '89223569704', 0, '1999-05-04 16:14:48', '2017-08-01 03:36:44');
INSERT INTO `users` (`id`, `email`, `first_name`, `last_name`, `phone`, `active_subscribe`, `created_at`, `updated_at`) VALUES ('83', 'general.kreiger@example.org', 'Dock', 'Morissette', '89438135187', 0, '1977-11-16 00:57:54', '1982-07-31 03:43:22');
INSERT INTO `users` (`id`, `email`, `first_name`, `last_name`, `phone`, `active_subscribe`, `created_at`, `updated_at`) VALUES ('84', 'no\'conner@example.com', 'Rico', 'Reichel', '89965820221', 1, '2001-02-17 13:35:19', '1985-08-19 06:09:19');
INSERT INTO `users` (`id`, `email`, `first_name`, `last_name`, `phone`, `active_subscribe`, `created_at`, `updated_at`) VALUES ('85', 'xbruen@example.com', 'Ara', 'McCullough', '89060634112', 1, '1971-12-14 21:46:04', '1999-07-19 20:49:27');
INSERT INTO `users` (`id`, `email`, `first_name`, `last_name`, `phone`, `active_subscribe`, `created_at`, `updated_at`) VALUES ('86', 'hugh24@example.com', 'Juliet', 'Glover', '89349609361', 0, '2000-04-01 07:08:16', '1997-06-08 02:09:08');
INSERT INTO `users` (`id`, `email`, `first_name`, `last_name`, `phone`, `active_subscribe`, `created_at`, `updated_at`) VALUES ('87', 'esanford@example.net', 'Maryam', 'Predovic', '89119020280', 1, '1997-05-27 16:43:20', '1978-04-30 01:17:41');
INSERT INTO `users` (`id`, `email`, `first_name`, `last_name`, `phone`, `active_subscribe`, `created_at`, `updated_at`) VALUES ('88', 'efriesen@example.org', 'Caleb', 'Ryan', '89601798932', 1, '1988-12-05 13:44:46', '1971-08-16 22:34:41');
INSERT INTO `users` (`id`, `email`, `first_name`, `last_name`, `phone`, `active_subscribe`, `created_at`, `updated_at`) VALUES ('89', 'trent.erdman@example.com', 'Laurence', 'Purdy', '89793232613', 0, '2011-05-28 18:28:35', '1975-06-19 18:17:12');
INSERT INTO `users` (`id`, `email`, `first_name`, `last_name`, `phone`, `active_subscribe`, `created_at`, `updated_at`) VALUES ('90', 'americo79@example.net', 'Alfredo', 'Schaefer', '89862773167', 1, '1999-11-26 15:06:11', '2000-05-29 22:02:07');
INSERT INTO `users` (`id`, `email`, `first_name`, `last_name`, `phone`, `active_subscribe`, `created_at`, `updated_at`) VALUES ('91', 'pouros.alejandra@example.net', 'Valerie', 'O\'Conner', '89014493558', 0, '1973-06-12 11:30:58', '2004-06-20 02:13:56');
INSERT INTO `users` (`id`, `email`, `first_name`, `last_name`, `phone`, `active_subscribe`, `created_at`, `updated_at`) VALUES ('92', 'alexandro07@example.org', 'Taurean', 'Kemmer', '89614845558', 0, '1988-11-14 11:17:19', '2017-10-30 13:20:25');
INSERT INTO `users` (`id`, `email`, `first_name`, `last_name`, `phone`, `active_subscribe`, `created_at`, `updated_at`) VALUES ('93', 'cwaters@example.org', 'Joshuah', 'Lind', '89577704312', 0, '2011-03-05 14:08:00', '2005-03-26 14:41:56');
INSERT INTO `users` (`id`, `email`, `first_name`, `last_name`, `phone`, `active_subscribe`, `created_at`, `updated_at`) VALUES ('94', 'wilfredo.feeney@example.org', 'Chance', 'Hettinger', '89777497855', 0, '1986-09-11 05:27:37', '2002-12-09 01:46:15');
INSERT INTO `users` (`id`, `email`, `first_name`, `last_name`, `phone`, `active_subscribe`, `created_at`, `updated_at`) VALUES ('95', 'jlittel@example.net', 'Jaleel', 'Rutherford', '89629807649', 1, '1982-04-13 07:31:08', '2000-05-20 13:44:04');
INSERT INTO `users` (`id`, `email`, `first_name`, `last_name`, `phone`, `active_subscribe`, `created_at`, `updated_at`) VALUES ('96', 'lgleichner@example.org', 'Deangelo', 'Rodriguez', '89863767885', 1, '1990-08-10 22:29:47', '1983-09-01 21:57:18');
INSERT INTO `users` (`id`, `email`, `first_name`, `last_name`, `phone`, `active_subscribe`, `created_at`, `updated_at`) VALUES ('97', 'altenwerth.rachelle@example.com', 'Jeramie', 'Brekke', '89041732114', 0, '2018-11-10 09:52:05', '2005-02-10 16:26:43');
INSERT INTO `users` (`id`, `email`, `first_name`, `last_name`, `phone`, `active_subscribe`, `created_at`, `updated_at`) VALUES ('98', 'clint.jast@example.com', 'Wallace', 'Heaney', '89706877614', 0, '2019-10-31 04:22:08', '2003-08-20 10:33:49');
INSERT INTO `users` (`id`, `email`, `first_name`, `last_name`, `phone`, `active_subscribe`, `created_at`, `updated_at`) VALUES ('99', 'aurore90@example.net', 'Ethelyn', 'Stehr', '89464437635', 1, '1990-08-03 22:49:38', '2007-05-07 17:13:03');
INSERT INTO `users` (`id`, `email`, `first_name`, `last_name`, `phone`, `active_subscribe`, `created_at`, `updated_at`) VALUES ('100', 'kory46@example.com', 'Teresa', 'Feeney', '89935846633', 0, '1985-09-23 09:48:17', '1999-11-23 02:38:52');

# TABLE STRUCTURE FOR: genres

INSERT INTO `genres` (`id`, `genre_name`, `created_at`, `updated_at`) VALUES ('1', 'sapiente', '1994-09-06 02:41:22', '2006-08-07 07:13:55');
INSERT INTO `genres` (`id`, `genre_name`, `created_at`, `updated_at`) VALUES ('2', 'amet', '1981-03-12 16:34:40', '1972-11-10 20:01:59');
INSERT INTO `genres` (`id`, `genre_name`, `created_at`, `updated_at`) VALUES ('3', 'exercitationem', '1974-10-23 23:55:10', '2016-12-07 08:23:28');
INSERT INTO `genres` (`id`, `genre_name`, `created_at`, `updated_at`) VALUES ('4', 'dolore', '1983-09-04 06:27:02', '2016-04-10 20:04:13');
INSERT INTO `genres` (`id`, `genre_name`, `created_at`, `updated_at`) VALUES ('5', 'non', '1996-06-17 16:30:21', '1974-11-10 19:07:22');
INSERT INTO `genres` (`id`, `genre_name`, `created_at`, `updated_at`) VALUES ('6', 'necessitatibus', '1990-03-12 18:20:55', '1990-09-30 03:15:41');
INSERT INTO `genres` (`id`, `genre_name`, `created_at`, `updated_at`) VALUES ('7', 'nemo', '1988-12-17 19:41:45', '1974-11-02 07:45:34');
INSERT INTO `genres` (`id`, `genre_name`, `created_at`, `updated_at`) VALUES ('8', 'fugit', '1972-04-17 00:41:39', '2008-03-05 19:06:06');
INSERT INTO `genres` (`id`, `genre_name`, `created_at`, `updated_at`) VALUES ('9', 'delectus', '1998-10-10 23:53:17', '2006-12-04 20:00:16');
INSERT INTO `genres` (`id`, `genre_name`, `created_at`, `updated_at`) VALUES ('10', 'possimus', '2017-05-28 09:55:56', '1990-12-15 16:42:48');
INSERT INTO `genres` (`id`, `genre_name`, `created_at`, `updated_at`) VALUES ('11', 'consequuntur', '1974-09-05 19:07:04', '1984-08-31 22:47:04');
INSERT INTO `genres` (`id`, `genre_name`, `created_at`, `updated_at`) VALUES ('12', 'sit', '1986-10-06 10:12:40', '1982-03-11 02:52:00');
INSERT INTO `genres` (`id`, `genre_name`, `created_at`, `updated_at`) VALUES ('13', 'placeat', '1977-07-21 19:56:25', '2004-08-20 20:54:49');
INSERT INTO `genres` (`id`, `genre_name`, `created_at`, `updated_at`) VALUES ('14', 'omnis', '1998-04-03 00:40:43', '2003-04-01 12:44:06');
INSERT INTO `genres` (`id`, `genre_name`, `created_at`, `updated_at`) VALUES ('15', 'aut', '2007-03-25 07:49:01', '1976-02-13 20:58:09');
INSERT INTO `genres` (`id`, `genre_name`, `created_at`, `updated_at`) VALUES ('16', 'qui', '1973-06-01 18:32:53', '2002-02-16 23:02:23');
INSERT INTO `genres` (`id`, `genre_name`, `created_at`, `updated_at`) VALUES ('17', 'unde', '1974-11-09 05:25:27', '1981-07-01 03:14:17');
INSERT INTO `genres` (`id`, `genre_name`, `created_at`, `updated_at`) VALUES ('18', 'exercitationem', '1999-10-11 16:35:47', '2010-11-28 20:16:53');
INSERT INTO `genres` (`id`, `genre_name`, `created_at`, `updated_at`) VALUES ('19', 'atque', '2019-04-12 08:13:05', '1980-12-22 06:56:15');
INSERT INTO `genres` (`id`, `genre_name`, `created_at`, `updated_at`) VALUES ('20', 'repellat', '2021-02-21 08:32:59', '1995-12-26 03:55:19');
INSERT INTO `genres` (`id`, `genre_name`, `created_at`, `updated_at`) VALUES ('21', 'eius', '2018-12-24 06:52:49', '2013-09-27 09:36:36');
INSERT INTO `genres` (`id`, `genre_name`, `created_at`, `updated_at`) VALUES ('22', 'aliquid', '2013-10-15 15:58:01', '1974-07-24 13:28:44');
INSERT INTO `genres` (`id`, `genre_name`, `created_at`, `updated_at`) VALUES ('23', 'sequi', '1997-04-10 21:55:19', '1975-10-31 03:54:03');
INSERT INTO `genres` (`id`, `genre_name`, `created_at`, `updated_at`) VALUES ('24', 'aut', '2016-10-15 03:52:41', '2009-05-23 06:01:28');
INSERT INTO `genres` (`id`, `genre_name`, `created_at`, `updated_at`) VALUES ('25', 'sunt', '1970-11-25 16:17:00', '1995-08-04 01:57:21');
INSERT INTO `genres` (`id`, `genre_name`, `created_at`, `updated_at`) VALUES ('26', 'nam', '1983-03-05 00:29:44', '1997-05-25 05:49:13');
INSERT INTO `genres` (`id`, `genre_name`, `created_at`, `updated_at`) VALUES ('27', 'non', '2002-04-16 10:38:06', '2006-01-19 18:10:37');
INSERT INTO `genres` (`id`, `genre_name`, `created_at`, `updated_at`) VALUES ('28', 'consectetur', '2000-03-31 22:24:11', '1993-05-28 02:36:56');
INSERT INTO `genres` (`id`, `genre_name`, `created_at`, `updated_at`) VALUES ('29', 'qui', '1999-03-02 11:17:53', '1979-03-24 07:06:53');
INSERT INTO `genres` (`id`, `genre_name`, `created_at`, `updated_at`) VALUES ('30', 'tempora', '1974-07-01 22:38:19', '2002-10-21 18:05:57');
INSERT INTO `genres` (`id`, `genre_name`, `created_at`, `updated_at`) VALUES ('31', 'ipsum', '1980-03-10 01:14:02', '1983-08-21 19:07:34');
INSERT INTO `genres` (`id`, `genre_name`, `created_at`, `updated_at`) VALUES ('32', 'officia', '2021-09-25 20:33:01', '1984-08-29 06:34:20');
INSERT INTO `genres` (`id`, `genre_name`, `created_at`, `updated_at`) VALUES ('33', 'nisi', '2020-11-18 20:41:53', '2014-05-11 06:59:34');
INSERT INTO `genres` (`id`, `genre_name`, `created_at`, `updated_at`) VALUES ('34', 'et', '1987-09-23 08:27:32', '1990-09-02 00:06:56');
INSERT INTO `genres` (`id`, `genre_name`, `created_at`, `updated_at`) VALUES ('35', 'assumenda', '2007-04-13 02:02:00', '1972-10-16 12:02:44');
INSERT INTO `genres` (`id`, `genre_name`, `created_at`, `updated_at`) VALUES ('36', 'commodi', '2017-06-27 05:42:26', '1988-02-03 13:31:13');
INSERT INTO `genres` (`id`, `genre_name`, `created_at`, `updated_at`) VALUES ('37', 'et', '2005-03-07 13:36:20', '1983-04-05 08:09:34');
INSERT INTO `genres` (`id`, `genre_name`, `created_at`, `updated_at`) VALUES ('38', 'quis', '1979-07-12 00:30:46', '1986-01-20 14:09:55');
INSERT INTO `genres` (`id`, `genre_name`, `created_at`, `updated_at`) VALUES ('39', 'sed', '2008-08-29 04:18:23', '1992-12-19 13:28:07');
INSERT INTO `genres` (`id`, `genre_name`, `created_at`, `updated_at`) VALUES ('40', 'doloribus', '2021-04-30 09:13:43', '2011-04-05 15:58:43');
INSERT INTO `genres` (`id`, `genre_name`, `created_at`, `updated_at`) VALUES ('41', 'et', '2002-03-30 09:50:15', '1989-02-11 06:44:21');
INSERT INTO `genres` (`id`, `genre_name`, `created_at`, `updated_at`) VALUES ('42', 'quia', '2014-11-02 03:14:23', '2020-05-01 01:02:16');
INSERT INTO `genres` (`id`, `genre_name`, `created_at`, `updated_at`) VALUES ('43', 'possimus', '1990-02-25 10:17:54', '1992-04-18 01:37:17');
INSERT INTO `genres` (`id`, `genre_name`, `created_at`, `updated_at`) VALUES ('44', 'in', '2001-04-21 15:19:43', '1975-11-06 08:42:32');
INSERT INTO `genres` (`id`, `genre_name`, `created_at`, `updated_at`) VALUES ('45', 'accusantium', '1989-01-27 03:06:02', '1997-02-12 12:34:00');
INSERT INTO `genres` (`id`, `genre_name`, `created_at`, `updated_at`) VALUES ('46', 'in', '1984-02-29 05:52:06', '1998-04-08 16:10:31');
INSERT INTO `genres` (`id`, `genre_name`, `created_at`, `updated_at`) VALUES ('47', 'suscipit', '2019-06-14 18:59:29', '2003-11-28 03:19:48');
INSERT INTO `genres` (`id`, `genre_name`, `created_at`, `updated_at`) VALUES ('48', 'sit', '1990-06-13 00:08:12', '2003-04-30 06:12:55');
INSERT INTO `genres` (`id`, `genre_name`, `created_at`, `updated_at`) VALUES ('49', 'aut', '1990-08-08 12:55:59', '2012-01-16 03:18:49');
INSERT INTO `genres` (`id`, `genre_name`, `created_at`, `updated_at`) VALUES ('50', 'consequatur', '1986-10-28 21:06:52', '2004-04-14 04:58:50');
INSERT INTO `genres` (`id`, `genre_name`, `created_at`, `updated_at`) VALUES ('51', 'nihil', '2003-07-26 09:31:18', '2000-07-27 06:41:09');
INSERT INTO `genres` (`id`, `genre_name`, `created_at`, `updated_at`) VALUES ('52', 'itaque', '1985-07-16 09:20:35', '1994-12-28 13:53:00');
INSERT INTO `genres` (`id`, `genre_name`, `created_at`, `updated_at`) VALUES ('53', 'deleniti', '1982-08-26 13:25:53', '1998-03-27 14:48:35');
INSERT INTO `genres` (`id`, `genre_name`, `created_at`, `updated_at`) VALUES ('54', 'et', '1990-08-09 14:15:42', '1983-04-17 23:37:45');
INSERT INTO `genres` (`id`, `genre_name`, `created_at`, `updated_at`) VALUES ('55', 'velit', '1976-12-02 05:52:44', '1972-04-20 19:04:38');
INSERT INTO `genres` (`id`, `genre_name`, `created_at`, `updated_at`) VALUES ('56', 'provident', '2014-11-19 07:55:15', '2020-04-14 14:13:01');
INSERT INTO `genres` (`id`, `genre_name`, `created_at`, `updated_at`) VALUES ('57', 'illum', '2020-01-22 20:08:43', '2006-02-27 04:13:27');
INSERT INTO `genres` (`id`, `genre_name`, `created_at`, `updated_at`) VALUES ('58', 'sit', '2019-06-12 06:20:20', '2019-07-17 18:17:49');
INSERT INTO `genres` (`id`, `genre_name`, `created_at`, `updated_at`) VALUES ('59', 'vel', '2011-10-10 19:25:11', '1982-07-01 20:42:23');
INSERT INTO `genres` (`id`, `genre_name`, `created_at`, `updated_at`) VALUES ('60', 'quis', '1998-02-25 22:16:08', '2015-10-10 08:21:13');
INSERT INTO `genres` (`id`, `genre_name`, `created_at`, `updated_at`) VALUES ('61', 'nisi', '2021-04-07 05:01:17', '2009-01-17 12:36:36');
INSERT INTO `genres` (`id`, `genre_name`, `created_at`, `updated_at`) VALUES ('62', 'perspiciatis', '1989-12-19 16:04:50', '1982-02-06 02:06:48');
INSERT INTO `genres` (`id`, `genre_name`, `created_at`, `updated_at`) VALUES ('63', 'omnis', '1983-04-16 21:36:20', '1993-05-30 14:41:54');
INSERT INTO `genres` (`id`, `genre_name`, `created_at`, `updated_at`) VALUES ('64', 'non', '1989-04-10 21:10:05', '1998-07-28 20:20:54');
INSERT INTO `genres` (`id`, `genre_name`, `created_at`, `updated_at`) VALUES ('65', 'optio', '2003-12-14 01:07:33', '2007-09-17 02:09:50');
INSERT INTO `genres` (`id`, `genre_name`, `created_at`, `updated_at`) VALUES ('66', 'rerum', '1994-07-13 17:23:00', '1999-02-22 07:47:08');
INSERT INTO `genres` (`id`, `genre_name`, `created_at`, `updated_at`) VALUES ('67', 'occaecati', '1989-05-11 20:50:49', '1985-01-17 19:43:06');
INSERT INTO `genres` (`id`, `genre_name`, `created_at`, `updated_at`) VALUES ('68', 'dolor', '1998-05-16 02:20:09', '1985-06-10 21:08:26');
INSERT INTO `genres` (`id`, `genre_name`, `created_at`, `updated_at`) VALUES ('69', 'dolores', '1975-05-25 20:13:10', '1994-07-25 08:33:04');
INSERT INTO `genres` (`id`, `genre_name`, `created_at`, `updated_at`) VALUES ('70', 'quod', '2017-05-28 17:37:17', '2017-12-15 22:33:42');
INSERT INTO `genres` (`id`, `genre_name`, `created_at`, `updated_at`) VALUES ('71', 'et', '1981-11-07 12:34:08', '2017-08-07 06:20:26');
INSERT INTO `genres` (`id`, `genre_name`, `created_at`, `updated_at`) VALUES ('72', 'et', '2014-03-01 01:42:41', '2018-04-13 07:18:08');
INSERT INTO `genres` (`id`, `genre_name`, `created_at`, `updated_at`) VALUES ('73', 'omnis', '1990-12-14 08:10:33', '2016-10-23 04:44:15');
INSERT INTO `genres` (`id`, `genre_name`, `created_at`, `updated_at`) VALUES ('74', 'ducimus', '1998-10-21 01:57:13', '2006-06-19 13:17:07');
INSERT INTO `genres` (`id`, `genre_name`, `created_at`, `updated_at`) VALUES ('75', 'qui', '1992-06-15 03:41:12', '1988-06-30 19:24:57');
INSERT INTO `genres` (`id`, `genre_name`, `created_at`, `updated_at`) VALUES ('76', 'non', '1971-07-16 06:11:52', '2016-03-22 11:26:05');
INSERT INTO `genres` (`id`, `genre_name`, `created_at`, `updated_at`) VALUES ('77', 'praesentium', '2004-02-27 09:04:34', '1985-09-24 13:10:44');
INSERT INTO `genres` (`id`, `genre_name`, `created_at`, `updated_at`) VALUES ('78', 'nemo', '2013-05-13 07:09:51', '1976-09-15 13:30:55');
INSERT INTO `genres` (`id`, `genre_name`, `created_at`, `updated_at`) VALUES ('79', 'non', '1991-05-11 20:26:38', '1970-01-17 23:16:25');
INSERT INTO `genres` (`id`, `genre_name`, `created_at`, `updated_at`) VALUES ('80', 'commodi', '1985-08-08 03:29:25', '1995-03-01 23:16:24');
INSERT INTO `genres` (`id`, `genre_name`, `created_at`, `updated_at`) VALUES ('81', 'sint', '1973-06-08 09:32:19', '1970-10-02 03:32:53');
INSERT INTO `genres` (`id`, `genre_name`, `created_at`, `updated_at`) VALUES ('82', 'repudiandae', '2021-05-17 15:48:13', '2006-03-31 17:33:57');
INSERT INTO `genres` (`id`, `genre_name`, `created_at`, `updated_at`) VALUES ('83', 'facere', '1991-04-21 13:08:45', '1979-07-18 19:50:35');
INSERT INTO `genres` (`id`, `genre_name`, `created_at`, `updated_at`) VALUES ('84', 'magnam', '1982-11-05 14:40:48', '2007-04-17 22:28:57');
INSERT INTO `genres` (`id`, `genre_name`, `created_at`, `updated_at`) VALUES ('85', 'molestias', '2014-01-01 01:02:53', '1996-03-30 16:15:07');
INSERT INTO `genres` (`id`, `genre_name`, `created_at`, `updated_at`) VALUES ('86', 'est', '2001-11-22 14:53:36', '1995-09-17 02:04:11');
INSERT INTO `genres` (`id`, `genre_name`, `created_at`, `updated_at`) VALUES ('87', 'vitae', '1995-03-25 02:50:51', '2019-02-07 19:54:17');
INSERT INTO `genres` (`id`, `genre_name`, `created_at`, `updated_at`) VALUES ('88', 'inventore', '1973-02-08 01:43:15', '1980-12-08 10:17:13');
INSERT INTO `genres` (`id`, `genre_name`, `created_at`, `updated_at`) VALUES ('89', 'possimus', '1993-02-23 06:29:54', '1979-10-07 06:10:01');
INSERT INTO `genres` (`id`, `genre_name`, `created_at`, `updated_at`) VALUES ('90', 'non', '1979-03-15 09:25:42', '1983-01-16 07:49:58');
INSERT INTO `genres` (`id`, `genre_name`, `created_at`, `updated_at`) VALUES ('91', 'id', '1976-01-04 22:34:53', '1988-06-13 16:42:16');
INSERT INTO `genres` (`id`, `genre_name`, `created_at`, `updated_at`) VALUES ('92', 'perferendis', '2013-06-02 19:02:01', '1996-06-01 14:15:10');
INSERT INTO `genres` (`id`, `genre_name`, `created_at`, `updated_at`) VALUES ('93', 'explicabo', '1978-11-17 03:02:42', '2007-03-23 10:02:45');
INSERT INTO `genres` (`id`, `genre_name`, `created_at`, `updated_at`) VALUES ('94', 'ut', '2016-07-30 15:47:58', '2015-03-02 11:15:04');
INSERT INTO `genres` (`id`, `genre_name`, `created_at`, `updated_at`) VALUES ('95', 'itaque', '1977-05-25 12:00:15', '1983-06-30 06:38:44');
INSERT INTO `genres` (`id`, `genre_name`, `created_at`, `updated_at`) VALUES ('96', 'unde', '1988-06-24 06:31:42', '2009-02-11 15:21:06');
INSERT INTO `genres` (`id`, `genre_name`, `created_at`, `updated_at`) VALUES ('97', 'necessitatibus', '1976-06-21 13:34:04', '2013-03-22 17:16:16');
INSERT INTO `genres` (`id`, `genre_name`, `created_at`, `updated_at`) VALUES ('98', 'voluptatibus', '2016-01-12 12:37:24', '1979-05-01 06:36:45');
INSERT INTO `genres` (`id`, `genre_name`, `created_at`, `updated_at`) VALUES ('99', 'ullam', '1970-04-17 19:40:02', '1986-08-01 09:49:07');
INSERT INTO `genres` (`id`, `genre_name`, `created_at`, `updated_at`) VALUES ('100', 'sed', '1989-05-17 23:52:40', '2002-05-20 05:16:20');

# TABLE STRUCTURE FOR: objective_types

INSERT INTO `objective_types` (`id`, `objective_name_type`, `created_at`, `updated_at`) VALUES ('1', 'et', '1979-03-12 20:00:42', '1987-08-22 11:34:37');
INSERT INTO `objective_types` (`id`, `objective_name_type`, `created_at`, `updated_at`) VALUES ('2', 'soluta', '2009-02-26 06:12:11', '2001-01-09 22:14:30');
INSERT INTO `objective_types` (`id`, `objective_name_type`, `created_at`, `updated_at`) VALUES ('3', 'molestiae', '2004-12-22 08:18:57', '1980-07-03 10:55:45');
INSERT INTO `objective_types` (`id`, `objective_name_type`, `created_at`, `updated_at`) VALUES ('4', 'quaerat', '1985-11-22 16:45:31', '1980-08-03 10:50:18');
INSERT INTO `objective_types` (`id`, `objective_name_type`, `created_at`, `updated_at`) VALUES ('5', 'quia', '2017-04-13 09:25:59', '2020-06-01 06:58:50');
INSERT INTO `objective_types` (`id`, `objective_name_type`, `created_at`, `updated_at`) VALUES ('6', 'id', '2016-01-02 20:44:20', '1983-11-14 04:53:54');
INSERT INTO `objective_types` (`id`, `objective_name_type`, `created_at`, `updated_at`) VALUES ('7', 'cupiditate', '1980-02-27 05:52:36', '1981-01-22 16:22:40');
INSERT INTO `objective_types` (`id`, `objective_name_type`, `created_at`, `updated_at`) VALUES ('8', 'voluptas', '1980-03-01 04:52:37', '2008-11-27 01:59:59');
INSERT INTO `objective_types` (`id`, `objective_name_type`, `created_at`, `updated_at`) VALUES ('9', 'quia', '1985-08-31 18:02:37', '2021-05-01 19:29:24');
INSERT INTO `objective_types` (`id`, `objective_name_type`, `created_at`, `updated_at`) VALUES ('10', 'aliquid', '2016-04-09 15:16:55', '1972-01-21 21:06:07');
INSERT INTO `objective_types` (`id`, `objective_name_type`, `created_at`, `updated_at`) VALUES ('11', 'enim', '1974-07-14 16:00:20', '1981-01-05 17:37:42');
INSERT INTO `objective_types` (`id`, `objective_name_type`, `created_at`, `updated_at`) VALUES ('12', 'velit', '1980-08-14 20:12:29', '2007-05-05 16:30:31');
INSERT INTO `objective_types` (`id`, `objective_name_type`, `created_at`, `updated_at`) VALUES ('13', 'non', '2014-01-25 15:20:23', '2010-07-21 20:08:38');
INSERT INTO `objective_types` (`id`, `objective_name_type`, `created_at`, `updated_at`) VALUES ('14', 'temporibus', '1980-09-10 11:28:58', '1995-07-04 23:17:58');
INSERT INTO `objective_types` (`id`, `objective_name_type`, `created_at`, `updated_at`) VALUES ('15', 'vel', '2002-06-22 16:17:30', '1973-03-21 22:02:39');
INSERT INTO `objective_types` (`id`, `objective_name_type`, `created_at`, `updated_at`) VALUES ('16', 'aliquam', '1987-09-06 17:30:54', '1972-05-18 20:21:50');
INSERT INTO `objective_types` (`id`, `objective_name_type`, `created_at`, `updated_at`) VALUES ('17', 'dolor', '2021-09-25 00:46:28', '2004-08-21 01:38:26');
INSERT INTO `objective_types` (`id`, `objective_name_type`, `created_at`, `updated_at`) VALUES ('18', 'sapiente', '1999-12-20 08:28:58', '1982-01-07 16:01:08');
INSERT INTO `objective_types` (`id`, `objective_name_type`, `created_at`, `updated_at`) VALUES ('19', 'quos', '2006-08-23 08:42:52', '2008-06-17 16:48:36');
INSERT INTO `objective_types` (`id`, `objective_name_type`, `created_at`, `updated_at`) VALUES ('20', 'repellendus', '2000-02-24 16:32:33', '1990-08-08 18:17:02');
INSERT INTO `objective_types` (`id`, `objective_name_type`, `created_at`, `updated_at`) VALUES ('21', 'eum', '2005-09-26 20:06:20', '2021-04-04 20:11:01');
INSERT INTO `objective_types` (`id`, `objective_name_type`, `created_at`, `updated_at`) VALUES ('22', 'sed', '1988-05-06 20:02:01', '2002-04-18 18:28:58');
INSERT INTO `objective_types` (`id`, `objective_name_type`, `created_at`, `updated_at`) VALUES ('23', 'sint', '1979-05-05 09:09:19', '2019-12-28 04:27:23');
INSERT INTO `objective_types` (`id`, `objective_name_type`, `created_at`, `updated_at`) VALUES ('24', 'corrupti', '1989-07-18 04:50:50', '1999-04-22 15:51:17');
INSERT INTO `objective_types` (`id`, `objective_name_type`, `created_at`, `updated_at`) VALUES ('25', 'sapiente', '1974-07-03 23:37:54', '1994-04-01 08:11:54');
INSERT INTO `objective_types` (`id`, `objective_name_type`, `created_at`, `updated_at`) VALUES ('26', 'voluptas', '1982-08-31 09:53:59', '1980-03-01 07:12:22');
INSERT INTO `objective_types` (`id`, `objective_name_type`, `created_at`, `updated_at`) VALUES ('27', 'omnis', '2004-06-03 11:28:57', '1991-06-24 10:45:02');
INSERT INTO `objective_types` (`id`, `objective_name_type`, `created_at`, `updated_at`) VALUES ('28', 'nisi', '2000-03-24 21:59:33', '2020-01-19 17:41:45');
INSERT INTO `objective_types` (`id`, `objective_name_type`, `created_at`, `updated_at`) VALUES ('29', 'quia', '2003-04-30 05:05:09', '1970-06-29 22:34:12');
INSERT INTO `objective_types` (`id`, `objective_name_type`, `created_at`, `updated_at`) VALUES ('30', 'aperiam', '2010-02-11 16:45:39', '2010-06-03 09:44:17');
INSERT INTO `objective_types` (`id`, `objective_name_type`, `created_at`, `updated_at`) VALUES ('31', 'voluptatem', '2004-02-02 03:40:57', '2015-05-25 10:34:51');
INSERT INTO `objective_types` (`id`, `objective_name_type`, `created_at`, `updated_at`) VALUES ('32', 'dolorem', '1989-08-21 03:38:51', '1994-02-16 03:22:56');
INSERT INTO `objective_types` (`id`, `objective_name_type`, `created_at`, `updated_at`) VALUES ('33', 'qui', '1979-10-04 12:20:56', '1992-05-20 21:40:11');
INSERT INTO `objective_types` (`id`, `objective_name_type`, `created_at`, `updated_at`) VALUES ('34', 'quia', '1994-06-06 00:15:22', '2011-06-17 23:09:08');
INSERT INTO `objective_types` (`id`, `objective_name_type`, `created_at`, `updated_at`) VALUES ('35', 'labore', '1993-09-14 16:42:54', '1982-06-18 22:50:32');
INSERT INTO `objective_types` (`id`, `objective_name_type`, `created_at`, `updated_at`) VALUES ('36', 'dolore', '1997-12-13 23:50:13', '2008-12-16 19:47:47');
INSERT INTO `objective_types` (`id`, `objective_name_type`, `created_at`, `updated_at`) VALUES ('37', 'non', '1978-11-15 13:35:57', '2012-04-16 18:59:58');
INSERT INTO `objective_types` (`id`, `objective_name_type`, `created_at`, `updated_at`) VALUES ('38', 'explicabo', '2002-03-02 03:08:45', '1972-12-18 05:54:30');
INSERT INTO `objective_types` (`id`, `objective_name_type`, `created_at`, `updated_at`) VALUES ('39', 'voluptatum', '1978-11-06 09:15:47', '1974-09-04 17:26:06');
INSERT INTO `objective_types` (`id`, `objective_name_type`, `created_at`, `updated_at`) VALUES ('40', 'facere', '1979-06-08 01:15:13', '2004-12-03 00:56:01');
INSERT INTO `objective_types` (`id`, `objective_name_type`, `created_at`, `updated_at`) VALUES ('41', 'voluptatem', '1998-12-07 16:58:25', '1988-10-12 21:03:59');
INSERT INTO `objective_types` (`id`, `objective_name_type`, `created_at`, `updated_at`) VALUES ('42', 'esse', '2000-08-03 07:13:48', '2008-10-21 04:26:45');
INSERT INTO `objective_types` (`id`, `objective_name_type`, `created_at`, `updated_at`) VALUES ('43', 'aperiam', '1995-01-04 21:25:16', '2013-11-16 06:15:41');
INSERT INTO `objective_types` (`id`, `objective_name_type`, `created_at`, `updated_at`) VALUES ('44', 'nihil', '1970-06-09 01:22:34', '1978-07-27 06:10:44');
INSERT INTO `objective_types` (`id`, `objective_name_type`, `created_at`, `updated_at`) VALUES ('45', 'praesentium', '2016-04-02 13:38:07', '2006-08-11 08:13:12');
INSERT INTO `objective_types` (`id`, `objective_name_type`, `created_at`, `updated_at`) VALUES ('46', 'corporis', '1978-11-07 06:41:07', '2002-10-08 10:28:06');
INSERT INTO `objective_types` (`id`, `objective_name_type`, `created_at`, `updated_at`) VALUES ('47', 'enim', '2008-10-04 10:05:12', '1977-03-23 16:46:58');
INSERT INTO `objective_types` (`id`, `objective_name_type`, `created_at`, `updated_at`) VALUES ('48', 'dolore', '1975-06-29 08:41:46', '1984-10-07 08:40:37');
INSERT INTO `objective_types` (`id`, `objective_name_type`, `created_at`, `updated_at`) VALUES ('49', 'doloribus', '1981-03-24 12:44:18', '1984-06-08 07:01:55');
INSERT INTO `objective_types` (`id`, `objective_name_type`, `created_at`, `updated_at`) VALUES ('50', 'ut', '2004-09-27 00:57:42', '1983-05-03 02:21:34');
INSERT INTO `objective_types` (`id`, `objective_name_type`, `created_at`, `updated_at`) VALUES ('51', 'consequatur', '2011-09-15 05:25:41', '2012-06-22 18:39:02');
INSERT INTO `objective_types` (`id`, `objective_name_type`, `created_at`, `updated_at`) VALUES ('52', 'et', '1992-03-25 10:37:55', '1984-05-16 19:20:20');
INSERT INTO `objective_types` (`id`, `objective_name_type`, `created_at`, `updated_at`) VALUES ('53', 'est', '1983-03-29 21:44:56', '1991-01-08 05:52:35');
INSERT INTO `objective_types` (`id`, `objective_name_type`, `created_at`, `updated_at`) VALUES ('54', 'quisquam', '2002-08-09 01:29:20', '2011-08-18 09:23:01');
INSERT INTO `objective_types` (`id`, `objective_name_type`, `created_at`, `updated_at`) VALUES ('55', 'quia', '1996-08-28 19:41:16', '1989-04-01 10:22:42');
INSERT INTO `objective_types` (`id`, `objective_name_type`, `created_at`, `updated_at`) VALUES ('56', 'distinctio', '2001-10-12 11:15:28', '2012-03-04 04:22:19');
INSERT INTO `objective_types` (`id`, `objective_name_type`, `created_at`, `updated_at`) VALUES ('57', 'quia', '2020-10-17 09:58:24', '1985-05-12 06:15:34');
INSERT INTO `objective_types` (`id`, `objective_name_type`, `created_at`, `updated_at`) VALUES ('58', 'quas', '1999-04-06 10:58:34', '1976-10-01 15:59:59');
INSERT INTO `objective_types` (`id`, `objective_name_type`, `created_at`, `updated_at`) VALUES ('59', 'qui', '1999-08-24 21:11:06', '1982-12-05 09:34:04');
INSERT INTO `objective_types` (`id`, `objective_name_type`, `created_at`, `updated_at`) VALUES ('60', 'optio', '1975-03-04 02:01:10', '1996-06-28 18:28:29');
INSERT INTO `objective_types` (`id`, `objective_name_type`, `created_at`, `updated_at`) VALUES ('61', 'sed', '1986-03-11 15:01:36', '1992-12-05 16:42:23');
INSERT INTO `objective_types` (`id`, `objective_name_type`, `created_at`, `updated_at`) VALUES ('62', 'amet', '1990-02-15 03:21:36', '1994-08-06 07:31:34');
INSERT INTO `objective_types` (`id`, `objective_name_type`, `created_at`, `updated_at`) VALUES ('63', 'voluptatibus', '1974-11-22 05:39:01', '2003-10-02 02:32:49');
INSERT INTO `objective_types` (`id`, `objective_name_type`, `created_at`, `updated_at`) VALUES ('64', 'rerum', '1989-06-24 14:35:01', '1978-09-03 18:55:23');
INSERT INTO `objective_types` (`id`, `objective_name_type`, `created_at`, `updated_at`) VALUES ('65', 'similique', '2014-09-02 12:46:06', '2010-04-19 19:02:11');
INSERT INTO `objective_types` (`id`, `objective_name_type`, `created_at`, `updated_at`) VALUES ('66', 'et', '1999-12-24 23:56:38', '2005-09-22 02:29:30');
INSERT INTO `objective_types` (`id`, `objective_name_type`, `created_at`, `updated_at`) VALUES ('67', 'commodi', '1990-10-18 21:46:12', '2019-08-26 08:44:34');
INSERT INTO `objective_types` (`id`, `objective_name_type`, `created_at`, `updated_at`) VALUES ('68', 'doloremque', '1984-09-02 09:18:30', '1975-09-12 14:41:27');
INSERT INTO `objective_types` (`id`, `objective_name_type`, `created_at`, `updated_at`) VALUES ('69', 'voluptatem', '2013-11-14 06:08:11', '1995-10-06 23:30:35');
INSERT INTO `objective_types` (`id`, `objective_name_type`, `created_at`, `updated_at`) VALUES ('70', 'eius', '1994-06-01 09:41:34', '1984-11-19 18:43:58');
INSERT INTO `objective_types` (`id`, `objective_name_type`, `created_at`, `updated_at`) VALUES ('71', 'eum', '2008-05-15 21:34:57', '2017-06-06 17:16:28');
INSERT INTO `objective_types` (`id`, `objective_name_type`, `created_at`, `updated_at`) VALUES ('72', 'voluptatibus', '2020-08-03 22:21:13', '2002-03-23 22:25:00');
INSERT INTO `objective_types` (`id`, `objective_name_type`, `created_at`, `updated_at`) VALUES ('73', 'autem', '1997-09-02 19:23:15', '2000-08-19 22:27:05');
INSERT INTO `objective_types` (`id`, `objective_name_type`, `created_at`, `updated_at`) VALUES ('74', 'soluta', '1999-02-26 01:43:57', '1974-03-25 07:16:52');
INSERT INTO `objective_types` (`id`, `objective_name_type`, `created_at`, `updated_at`) VALUES ('75', 'sed', '1996-07-30 11:59:18', '1993-11-08 18:08:57');
INSERT INTO `objective_types` (`id`, `objective_name_type`, `created_at`, `updated_at`) VALUES ('76', 'eum', '1986-09-20 12:43:08', '1972-11-09 12:24:22');
INSERT INTO `objective_types` (`id`, `objective_name_type`, `created_at`, `updated_at`) VALUES ('77', 'laudantium', '1990-11-30 23:39:34', '1999-05-03 20:14:02');
INSERT INTO `objective_types` (`id`, `objective_name_type`, `created_at`, `updated_at`) VALUES ('78', 'veritatis', '2009-06-27 02:32:51', '1989-05-15 13:05:08');
INSERT INTO `objective_types` (`id`, `objective_name_type`, `created_at`, `updated_at`) VALUES ('79', 'ut', '1992-05-13 19:17:43', '1996-02-27 05:57:23');
INSERT INTO `objective_types` (`id`, `objective_name_type`, `created_at`, `updated_at`) VALUES ('80', 'magni', '1993-06-05 16:38:32', '1981-11-15 01:29:43');
INSERT INTO `objective_types` (`id`, `objective_name_type`, `created_at`, `updated_at`) VALUES ('81', 'voluptatibus', '1984-07-18 08:18:06', '2012-04-20 15:21:26');
INSERT INTO `objective_types` (`id`, `objective_name_type`, `created_at`, `updated_at`) VALUES ('82', 'possimus', '1977-11-08 14:38:36', '1990-06-16 15:20:52');
INSERT INTO `objective_types` (`id`, `objective_name_type`, `created_at`, `updated_at`) VALUES ('83', 'officiis', '2014-04-22 20:28:22', '1975-01-28 00:44:10');
INSERT INTO `objective_types` (`id`, `objective_name_type`, `created_at`, `updated_at`) VALUES ('84', 'quibusdam', '2000-06-13 14:15:40', '1981-08-23 18:49:39');
INSERT INTO `objective_types` (`id`, `objective_name_type`, `created_at`, `updated_at`) VALUES ('85', 'omnis', '1978-01-15 17:27:38', '2017-04-03 02:32:29');
INSERT INTO `objective_types` (`id`, `objective_name_type`, `created_at`, `updated_at`) VALUES ('86', 'deleniti', '2006-10-19 12:20:13', '1986-05-31 11:13:15');
INSERT INTO `objective_types` (`id`, `objective_name_type`, `created_at`, `updated_at`) VALUES ('87', 'id', '1988-10-11 00:15:20', '1981-07-07 15:51:27');
INSERT INTO `objective_types` (`id`, `objective_name_type`, `created_at`, `updated_at`) VALUES ('88', 'inventore', '2011-12-25 03:53:49', '2016-12-09 00:28:55');
INSERT INTO `objective_types` (`id`, `objective_name_type`, `created_at`, `updated_at`) VALUES ('89', 'magnam', '2009-05-17 23:14:05', '1985-08-02 21:08:45');
INSERT INTO `objective_types` (`id`, `objective_name_type`, `created_at`, `updated_at`) VALUES ('90', 'eius', '1979-03-20 04:44:28', '1978-06-23 01:56:15');
INSERT INTO `objective_types` (`id`, `objective_name_type`, `created_at`, `updated_at`) VALUES ('91', 'dignissimos', '1977-07-12 21:49:26', '1973-11-11 10:55:57');
INSERT INTO `objective_types` (`id`, `objective_name_type`, `created_at`, `updated_at`) VALUES ('92', 'dignissimos', '1981-06-30 20:08:35', '2002-08-01 08:19:34');
INSERT INTO `objective_types` (`id`, `objective_name_type`, `created_at`, `updated_at`) VALUES ('93', 'explicabo', '2017-03-20 08:30:05', '2016-05-11 06:25:23');
INSERT INTO `objective_types` (`id`, `objective_name_type`, `created_at`, `updated_at`) VALUES ('94', 'voluptas', '2010-12-19 05:01:49', '1987-09-28 03:53:22');
INSERT INTO `objective_types` (`id`, `objective_name_type`, `created_at`, `updated_at`) VALUES ('95', 'temporibus', '1986-05-30 06:16:45', '1998-08-09 03:38:16');
INSERT INTO `objective_types` (`id`, `objective_name_type`, `created_at`, `updated_at`) VALUES ('96', 'aspernatur', '1989-04-03 14:54:44', '2008-03-15 01:06:16');
INSERT INTO `objective_types` (`id`, `objective_name_type`, `created_at`, `updated_at`) VALUES ('97', 'repellendus', '2017-10-11 23:16:50', '1985-10-19 18:50:16');
INSERT INTO `objective_types` (`id`, `objective_name_type`, `created_at`, `updated_at`) VALUES ('98', 'sit', '1991-03-08 09:41:47', '1990-12-07 16:14:27');
INSERT INTO `objective_types` (`id`, `objective_name_type`, `created_at`, `updated_at`) VALUES ('99', 'est', '2019-06-13 01:23:10', '1996-02-19 18:12:48');
INSERT INTO `objective_types` (`id`, `objective_name_type`, `created_at`, `updated_at`) VALUES ('100', 'impedit', '2004-07-30 16:10:35', '2015-05-07 08:37:56');

# TABLE STRUCTURE FOR: likes

INSERT INTO `likes` (`id`, `user_id`, `objective_type_id`, `objective_id`, `like_dislike_flg`, `created_at`, `updated_at`) VALUES ('1', '21', '48', '29', 0, '1990-10-21 17:10:51', '2003-07-18 08:45:50');
INSERT INTO `likes` (`id`, `user_id`, `objective_type_id`, `objective_id`, `like_dislike_flg`, `created_at`, `updated_at`) VALUES ('2', '31', '98', '8', 1, '1982-03-02 06:56:26', '1993-02-22 08:47:31');
INSERT INTO `likes` (`id`, `user_id`, `objective_type_id`, `objective_id`, `like_dislike_flg`, `created_at`, `updated_at`) VALUES ('3', '16', '12', '79', 1, '2014-06-28 06:16:49', '1971-04-06 19:10:00');
INSERT INTO `likes` (`id`, `user_id`, `objective_type_id`, `objective_id`, `like_dislike_flg`, `created_at`, `updated_at`) VALUES ('4', '77', '8', '58', 0, '1988-09-26 13:03:11', '2009-10-08 02:12:30');
INSERT INTO `likes` (`id`, `user_id`, `objective_type_id`, `objective_id`, `like_dislike_flg`, `created_at`, `updated_at`) VALUES ('5', '15', '37', '88', 0, '1991-03-26 14:52:08', '1996-03-05 18:31:24');
INSERT INTO `likes` (`id`, `user_id`, `objective_type_id`, `objective_id`, `like_dislike_flg`, `created_at`, `updated_at`) VALUES ('6', '17', '13', '31', 0, '1972-11-20 15:54:53', '1986-10-08 10:16:54');
INSERT INTO `likes` (`id`, `user_id`, `objective_type_id`, `objective_id`, `like_dislike_flg`, `created_at`, `updated_at`) VALUES ('7', '52', '11', '58', 1, '1976-12-31 02:05:54', '1971-05-26 06:43:53');
INSERT INTO `likes` (`id`, `user_id`, `objective_type_id`, `objective_id`, `like_dislike_flg`, `created_at`, `updated_at`) VALUES ('8', '24', '87', '24', 0, '2004-05-02 11:03:36', '2001-03-26 04:11:11');
INSERT INTO `likes` (`id`, `user_id`, `objective_type_id`, `objective_id`, `like_dislike_flg`, `created_at`, `updated_at`) VALUES ('9', '37', '5', '52', 0, '2021-08-01 04:18:23', '2020-06-13 10:02:13');
INSERT INTO `likes` (`id`, `user_id`, `objective_type_id`, `objective_id`, `like_dislike_flg`, `created_at`, `updated_at`) VALUES ('10', '74', '94', '85', 0, '2015-09-26 06:42:38', '2009-07-26 21:06:10');
INSERT INTO `likes` (`id`, `user_id`, `objective_type_id`, `objective_id`, `like_dislike_flg`, `created_at`, `updated_at`) VALUES ('11', '42', '39', '89', 0, '1978-11-19 03:44:05', '2014-10-30 05:13:25');
INSERT INTO `likes` (`id`, `user_id`, `objective_type_id`, `objective_id`, `like_dislike_flg`, `created_at`, `updated_at`) VALUES ('12', '69', '22', '79', 1, '1981-09-13 06:52:12', '1996-04-26 02:22:01');
INSERT INTO `likes` (`id`, `user_id`, `objective_type_id`, `objective_id`, `like_dislike_flg`, `created_at`, `updated_at`) VALUES ('13', '58', '91', '35', 1, '1985-09-09 23:02:48', '1985-12-27 22:21:01');
INSERT INTO `likes` (`id`, `user_id`, `objective_type_id`, `objective_id`, `like_dislike_flg`, `created_at`, `updated_at`) VALUES ('14', '33', '33', '10', 0, '1998-08-09 01:26:36', '1982-03-15 17:48:41');
INSERT INTO `likes` (`id`, `user_id`, `objective_type_id`, `objective_id`, `like_dislike_flg`, `created_at`, `updated_at`) VALUES ('15', '53', '19', '2', 1, '2007-09-19 15:43:24', '2020-05-21 07:42:09');
INSERT INTO `likes` (`id`, `user_id`, `objective_type_id`, `objective_id`, `like_dislike_flg`, `created_at`, `updated_at`) VALUES ('16', '43', '74', '34', 0, '1993-12-31 20:28:53', '1984-01-28 08:51:03');
INSERT INTO `likes` (`id`, `user_id`, `objective_type_id`, `objective_id`, `like_dislike_flg`, `created_at`, `updated_at`) VALUES ('17', '66', '73', '87', 1, '1976-12-26 14:29:57', '1997-09-20 12:08:09');
INSERT INTO `likes` (`id`, `user_id`, `objective_type_id`, `objective_id`, `like_dislike_flg`, `created_at`, `updated_at`) VALUES ('18', '71', '81', '7', 0, '1993-02-15 18:17:44', '2004-04-18 22:14:44');
INSERT INTO `likes` (`id`, `user_id`, `objective_type_id`, `objective_id`, `like_dislike_flg`, `created_at`, `updated_at`) VALUES ('19', '84', '47', '92', 1, '2004-12-09 00:14:41', '1973-02-02 08:52:57');
INSERT INTO `likes` (`id`, `user_id`, `objective_type_id`, `objective_id`, `like_dislike_flg`, `created_at`, `updated_at`) VALUES ('20', '89', '98', '58', 0, '2009-08-18 08:18:22', '1990-05-14 17:44:12');
INSERT INTO `likes` (`id`, `user_id`, `objective_type_id`, `objective_id`, `like_dislike_flg`, `created_at`, `updated_at`) VALUES ('21', '83', '5', '29', 1, '1984-04-11 10:24:47', '2005-07-25 06:34:10');
INSERT INTO `likes` (`id`, `user_id`, `objective_type_id`, `objective_id`, `like_dislike_flg`, `created_at`, `updated_at`) VALUES ('22', '11', '34', '72', 1, '2021-10-13 12:55:02', '1972-04-01 02:23:51');
INSERT INTO `likes` (`id`, `user_id`, `objective_type_id`, `objective_id`, `like_dislike_flg`, `created_at`, `updated_at`) VALUES ('23', '16', '34', '90', 1, '2012-09-12 23:12:51', '2017-06-03 01:40:15');
INSERT INTO `likes` (`id`, `user_id`, `objective_type_id`, `objective_id`, `like_dislike_flg`, `created_at`, `updated_at`) VALUES ('24', '21', '53', '0', 1, '1978-05-28 00:31:32', '1975-12-18 01:14:33');
INSERT INTO `likes` (`id`, `user_id`, `objective_type_id`, `objective_id`, `like_dislike_flg`, `created_at`, `updated_at`) VALUES ('25', '39', '95', '53', 1, '2001-01-15 11:50:50', '1984-05-22 07:13:07');
INSERT INTO `likes` (`id`, `user_id`, `objective_type_id`, `objective_id`, `like_dislike_flg`, `created_at`, `updated_at`) VALUES ('26', '46', '80', '8', 0, '2001-02-03 13:55:30', '2003-08-11 01:13:32');
INSERT INTO `likes` (`id`, `user_id`, `objective_type_id`, `objective_id`, `like_dislike_flg`, `created_at`, `updated_at`) VALUES ('27', '33', '15', '40', 0, '1996-07-06 07:59:40', '2000-04-26 01:42:50');
INSERT INTO `likes` (`id`, `user_id`, `objective_type_id`, `objective_id`, `like_dislike_flg`, `created_at`, `updated_at`) VALUES ('28', '2', '91', '4', 1, '2020-08-03 18:26:53', '2008-09-05 16:55:32');
INSERT INTO `likes` (`id`, `user_id`, `objective_type_id`, `objective_id`, `like_dislike_flg`, `created_at`, `updated_at`) VALUES ('29', '5', '34', '6', 1, '2021-03-08 05:08:46', '2021-03-02 06:14:11');
INSERT INTO `likes` (`id`, `user_id`, `objective_type_id`, `objective_id`, `like_dislike_flg`, `created_at`, `updated_at`) VALUES ('30', '23', '58', '19', 1, '2019-03-08 09:36:00', '2019-01-20 15:15:06');
INSERT INTO `likes` (`id`, `user_id`, `objective_type_id`, `objective_id`, `like_dislike_flg`, `created_at`, `updated_at`) VALUES ('31', '53', '66', '43', 1, '2001-09-17 02:14:45', '1993-05-02 20:45:52');
INSERT INTO `likes` (`id`, `user_id`, `objective_type_id`, `objective_id`, `like_dislike_flg`, `created_at`, `updated_at`) VALUES ('32', '31', '18', '65', 0, '1971-09-06 04:19:17', '1970-08-17 23:17:14');
INSERT INTO `likes` (`id`, `user_id`, `objective_type_id`, `objective_id`, `like_dislike_flg`, `created_at`, `updated_at`) VALUES ('33', '38', '2', '78', 0, '1991-03-27 11:01:12', '2008-06-27 13:48:48');
INSERT INTO `likes` (`id`, `user_id`, `objective_type_id`, `objective_id`, `like_dislike_flg`, `created_at`, `updated_at`) VALUES ('34', '99', '22', '41', 1, '1975-03-10 05:43:42', '2012-11-12 01:12:28');
INSERT INTO `likes` (`id`, `user_id`, `objective_type_id`, `objective_id`, `like_dislike_flg`, `created_at`, `updated_at`) VALUES ('35', '49', '88', '54', 1, '2019-06-07 19:20:34', '1994-02-01 12:04:28');
INSERT INTO `likes` (`id`, `user_id`, `objective_type_id`, `objective_id`, `like_dislike_flg`, `created_at`, `updated_at`) VALUES ('36', '20', '32', '4', 1, '2018-04-07 23:08:19', '2000-12-02 02:04:28');
INSERT INTO `likes` (`id`, `user_id`, `objective_type_id`, `objective_id`, `like_dislike_flg`, `created_at`, `updated_at`) VALUES ('37', '93', '30', '29', 1, '2010-09-15 01:31:18', '2010-06-27 16:17:18');
INSERT INTO `likes` (`id`, `user_id`, `objective_type_id`, `objective_id`, `like_dislike_flg`, `created_at`, `updated_at`) VALUES ('38', '66', '8', '96', 0, '2016-07-31 02:16:07', '1989-09-04 03:21:29');
INSERT INTO `likes` (`id`, `user_id`, `objective_type_id`, `objective_id`, `like_dislike_flg`, `created_at`, `updated_at`) VALUES ('39', '64', '86', '50', 0, '1973-08-07 07:23:33', '2010-11-21 23:27:41');
INSERT INTO `likes` (`id`, `user_id`, `objective_type_id`, `objective_id`, `like_dislike_flg`, `created_at`, `updated_at`) VALUES ('40', '60', '2', '35', 1, '1995-04-14 12:21:00', '1976-11-16 20:42:19');
INSERT INTO `likes` (`id`, `user_id`, `objective_type_id`, `objective_id`, `like_dislike_flg`, `created_at`, `updated_at`) VALUES ('41', '81', '5', '95', 1, '1989-12-16 12:41:50', '1993-01-26 14:53:15');
INSERT INTO `likes` (`id`, `user_id`, `objective_type_id`, `objective_id`, `like_dislike_flg`, `created_at`, `updated_at`) VALUES ('42', '81', '13', '45', 1, '1987-12-11 03:21:17', '1991-07-28 23:33:13');
INSERT INTO `likes` (`id`, `user_id`, `objective_type_id`, `objective_id`, `like_dislike_flg`, `created_at`, `updated_at`) VALUES ('43', '19', '82', '90', 0, '1993-07-06 16:39:57', '2000-04-14 22:51:21');
INSERT INTO `likes` (`id`, `user_id`, `objective_type_id`, `objective_id`, `like_dislike_flg`, `created_at`, `updated_at`) VALUES ('44', '4', '24', '87', 0, '1981-07-27 03:29:44', '1986-11-06 19:27:44');
INSERT INTO `likes` (`id`, `user_id`, `objective_type_id`, `objective_id`, `like_dislike_flg`, `created_at`, `updated_at`) VALUES ('45', '15', '26', '29', 1, '1970-06-29 20:43:22', '2002-11-17 17:15:24');
INSERT INTO `likes` (`id`, `user_id`, `objective_type_id`, `objective_id`, `like_dislike_flg`, `created_at`, `updated_at`) VALUES ('46', '81', '67', '8', 1, '1971-06-13 05:03:49', '1972-08-06 17:43:14');
INSERT INTO `likes` (`id`, `user_id`, `objective_type_id`, `objective_id`, `like_dislike_flg`, `created_at`, `updated_at`) VALUES ('47', '91', '12', '48', 1, '2019-09-05 16:04:34', '2013-05-09 01:29:58');
INSERT INTO `likes` (`id`, `user_id`, `objective_type_id`, `objective_id`, `like_dislike_flg`, `created_at`, `updated_at`) VALUES ('48', '85', '29', '4', 0, '1990-06-15 09:14:12', '1987-03-03 11:35:10');
INSERT INTO `likes` (`id`, `user_id`, `objective_type_id`, `objective_id`, `like_dislike_flg`, `created_at`, `updated_at`) VALUES ('49', '13', '84', '47', 1, '1996-09-23 01:29:24', '1983-01-24 18:22:36');
INSERT INTO `likes` (`id`, `user_id`, `objective_type_id`, `objective_id`, `like_dislike_flg`, `created_at`, `updated_at`) VALUES ('50', '50', '61', '85', 0, '1972-11-14 04:09:16', '1996-11-12 09:02:12');
INSERT INTO `likes` (`id`, `user_id`, `objective_type_id`, `objective_id`, `like_dislike_flg`, `created_at`, `updated_at`) VALUES ('51', '72', '70', '95', 0, '2001-08-18 11:56:19', '2003-07-01 09:09:58');
INSERT INTO `likes` (`id`, `user_id`, `objective_type_id`, `objective_id`, `like_dislike_flg`, `created_at`, `updated_at`) VALUES ('52', '92', '64', '6', 0, '2004-09-21 18:28:38', '1977-03-18 02:32:37');
INSERT INTO `likes` (`id`, `user_id`, `objective_type_id`, `objective_id`, `like_dislike_flg`, `created_at`, `updated_at`) VALUES ('53', '99', '58', '61', 0, '2019-07-04 00:55:05', '2011-07-16 01:17:01');
INSERT INTO `likes` (`id`, `user_id`, `objective_type_id`, `objective_id`, `like_dislike_flg`, `created_at`, `updated_at`) VALUES ('54', '71', '62', '63', 1, '1991-07-28 19:37:17', '1981-03-29 17:43:39');
INSERT INTO `likes` (`id`, `user_id`, `objective_type_id`, `objective_id`, `like_dislike_flg`, `created_at`, `updated_at`) VALUES ('55', '43', '31', '28', 1, '1993-12-30 12:56:18', '1975-09-22 18:12:10');
INSERT INTO `likes` (`id`, `user_id`, `objective_type_id`, `objective_id`, `like_dislike_flg`, `created_at`, `updated_at`) VALUES ('56', '63', '23', '38', 1, '2005-09-10 11:03:46', '1970-05-20 16:18:52');
INSERT INTO `likes` (`id`, `user_id`, `objective_type_id`, `objective_id`, `like_dislike_flg`, `created_at`, `updated_at`) VALUES ('57', '35', '43', '20', 1, '1988-08-11 05:52:03', '2004-10-20 15:39:59');
INSERT INTO `likes` (`id`, `user_id`, `objective_type_id`, `objective_id`, `like_dislike_flg`, `created_at`, `updated_at`) VALUES ('58', '36', '54', '87', 1, '1995-06-15 19:45:20', '2010-03-26 03:04:48');
INSERT INTO `likes` (`id`, `user_id`, `objective_type_id`, `objective_id`, `like_dislike_flg`, `created_at`, `updated_at`) VALUES ('59', '25', '39', '2', 0, '1980-01-31 10:01:34', '1980-09-15 22:37:57');
INSERT INTO `likes` (`id`, `user_id`, `objective_type_id`, `objective_id`, `like_dislike_flg`, `created_at`, `updated_at`) VALUES ('60', '77', '39', '82', 1, '1995-08-16 00:43:20', '1985-02-02 10:50:22');
INSERT INTO `likes` (`id`, `user_id`, `objective_type_id`, `objective_id`, `like_dislike_flg`, `created_at`, `updated_at`) VALUES ('61', '65', '58', '13', 0, '1996-03-12 02:07:06', '1991-01-09 22:38:17');
INSERT INTO `likes` (`id`, `user_id`, `objective_type_id`, `objective_id`, `like_dislike_flg`, `created_at`, `updated_at`) VALUES ('62', '6', '56', '3', 0, '1971-09-26 05:08:03', '2010-07-30 19:52:01');
INSERT INTO `likes` (`id`, `user_id`, `objective_type_id`, `objective_id`, `like_dislike_flg`, `created_at`, `updated_at`) VALUES ('63', '69', '91', '6', 0, '1997-10-27 01:46:50', '2011-10-03 03:56:04');
INSERT INTO `likes` (`id`, `user_id`, `objective_type_id`, `objective_id`, `like_dislike_flg`, `created_at`, `updated_at`) VALUES ('64', '85', '82', '85', 0, '1988-08-09 09:21:23', '1972-08-27 08:06:55');
INSERT INTO `likes` (`id`, `user_id`, `objective_type_id`, `objective_id`, `like_dislike_flg`, `created_at`, `updated_at`) VALUES ('65', '75', '34', '87', 0, '2014-01-05 20:35:48', '2017-12-30 01:49:19');
INSERT INTO `likes` (`id`, `user_id`, `objective_type_id`, `objective_id`, `like_dislike_flg`, `created_at`, `updated_at`) VALUES ('66', '43', '47', '100', 0, '1980-03-10 21:35:42', '1989-04-29 04:03:07');
INSERT INTO `likes` (`id`, `user_id`, `objective_type_id`, `objective_id`, `like_dislike_flg`, `created_at`, `updated_at`) VALUES ('67', '4', '35', '47', 1, '2010-10-29 03:12:23', '1981-01-12 18:11:52');
INSERT INTO `likes` (`id`, `user_id`, `objective_type_id`, `objective_id`, `like_dislike_flg`, `created_at`, `updated_at`) VALUES ('68', '10', '2', '73', 1, '2010-12-27 22:09:11', '2003-12-09 02:55:30');
INSERT INTO `likes` (`id`, `user_id`, `objective_type_id`, `objective_id`, `like_dislike_flg`, `created_at`, `updated_at`) VALUES ('69', '92', '81', '96', 0, '1998-11-16 18:41:24', '1983-08-10 12:36:11');
INSERT INTO `likes` (`id`, `user_id`, `objective_type_id`, `objective_id`, `like_dislike_flg`, `created_at`, `updated_at`) VALUES ('70', '63', '35', '9', 0, '1994-08-25 12:25:42', '1977-05-13 11:22:58');
INSERT INTO `likes` (`id`, `user_id`, `objective_type_id`, `objective_id`, `like_dislike_flg`, `created_at`, `updated_at`) VALUES ('71', '11', '26', '50', 1, '2005-07-16 09:57:11', '1981-03-31 12:37:41');
INSERT INTO `likes` (`id`, `user_id`, `objective_type_id`, `objective_id`, `like_dislike_flg`, `created_at`, `updated_at`) VALUES ('72', '57', '46', '99', 0, '2016-07-16 20:58:42', '1971-02-22 10:44:20');
INSERT INTO `likes` (`id`, `user_id`, `objective_type_id`, `objective_id`, `like_dislike_flg`, `created_at`, `updated_at`) VALUES ('73', '69', '93', '72', 1, '2001-03-13 15:22:03', '1993-08-18 10:00:45');
INSERT INTO `likes` (`id`, `user_id`, `objective_type_id`, `objective_id`, `like_dislike_flg`, `created_at`, `updated_at`) VALUES ('74', '99', '93', '68', 0, '2004-12-03 04:28:00', '2013-07-14 19:01:44');
INSERT INTO `likes` (`id`, `user_id`, `objective_type_id`, `objective_id`, `like_dislike_flg`, `created_at`, `updated_at`) VALUES ('75', '32', '76', '28', 0, '1985-11-06 20:50:03', '1973-07-28 09:19:37');
INSERT INTO `likes` (`id`, `user_id`, `objective_type_id`, `objective_id`, `like_dislike_flg`, `created_at`, `updated_at`) VALUES ('76', '32', '96', '64', 0, '1980-08-05 18:48:57', '1982-03-19 11:05:51');
INSERT INTO `likes` (`id`, `user_id`, `objective_type_id`, `objective_id`, `like_dislike_flg`, `created_at`, `updated_at`) VALUES ('77', '33', '38', '85', 1, '1998-09-12 03:49:53', '1993-10-24 07:21:30');
INSERT INTO `likes` (`id`, `user_id`, `objective_type_id`, `objective_id`, `like_dislike_flg`, `created_at`, `updated_at`) VALUES ('78', '51', '2', '16', 1, '1996-02-20 14:27:35', '1990-07-16 03:44:57');
INSERT INTO `likes` (`id`, `user_id`, `objective_type_id`, `objective_id`, `like_dislike_flg`, `created_at`, `updated_at`) VALUES ('79', '28', '35', '52', 1, '1973-06-01 18:34:12', '2001-04-22 15:43:52');
INSERT INTO `likes` (`id`, `user_id`, `objective_type_id`, `objective_id`, `like_dislike_flg`, `created_at`, `updated_at`) VALUES ('80', '84', '3', '6', 1, '2004-02-21 19:24:46', '2010-05-24 06:34:45');
INSERT INTO `likes` (`id`, `user_id`, `objective_type_id`, `objective_id`, `like_dislike_flg`, `created_at`, `updated_at`) VALUES ('81', '69', '26', '7', 1, '2020-05-07 05:50:07', '1984-09-11 23:06:19');
INSERT INTO `likes` (`id`, `user_id`, `objective_type_id`, `objective_id`, `like_dislike_flg`, `created_at`, `updated_at`) VALUES ('82', '49', '73', '93', 1, '1971-10-20 15:27:22', '1983-05-08 10:06:04');
INSERT INTO `likes` (`id`, `user_id`, `objective_type_id`, `objective_id`, `like_dislike_flg`, `created_at`, `updated_at`) VALUES ('83', '61', '59', '64', 0, '1974-03-15 19:22:18', '2007-02-16 05:19:37');
INSERT INTO `likes` (`id`, `user_id`, `objective_type_id`, `objective_id`, `like_dislike_flg`, `created_at`, `updated_at`) VALUES ('84', '74', '52', '25', 0, '1987-08-21 18:55:48', '2002-06-06 11:59:06');
INSERT INTO `likes` (`id`, `user_id`, `objective_type_id`, `objective_id`, `like_dislike_flg`, `created_at`, `updated_at`) VALUES ('85', '39', '37', '43', 0, '1982-12-15 11:37:31', '1996-04-07 22:55:51');
INSERT INTO `likes` (`id`, `user_id`, `objective_type_id`, `objective_id`, `like_dislike_flg`, `created_at`, `updated_at`) VALUES ('86', '86', '50', '42', 1, '1970-10-19 23:10:53', '2015-05-10 07:06:04');
INSERT INTO `likes` (`id`, `user_id`, `objective_type_id`, `objective_id`, `like_dislike_flg`, `created_at`, `updated_at`) VALUES ('87', '62', '43', '21', 1, '2017-12-07 04:38:36', '1971-12-16 09:04:43');
INSERT INTO `likes` (`id`, `user_id`, `objective_type_id`, `objective_id`, `like_dislike_flg`, `created_at`, `updated_at`) VALUES ('88', '95', '31', '3', 0, '1991-08-09 08:01:57', '2001-03-08 04:39:37');
INSERT INTO `likes` (`id`, `user_id`, `objective_type_id`, `objective_id`, `like_dislike_flg`, `created_at`, `updated_at`) VALUES ('89', '35', '94', '99', 1, '2014-08-16 06:37:09', '1970-12-31 06:28:23');
INSERT INTO `likes` (`id`, `user_id`, `objective_type_id`, `objective_id`, `like_dislike_flg`, `created_at`, `updated_at`) VALUES ('90', '23', '66', '14', 1, '2013-08-15 07:48:00', '2017-01-22 06:22:52');
INSERT INTO `likes` (`id`, `user_id`, `objective_type_id`, `objective_id`, `like_dislike_flg`, `created_at`, `updated_at`) VALUES ('91', '69', '54', '61', 1, '1991-06-05 23:13:09', '1977-03-18 05:51:57');
INSERT INTO `likes` (`id`, `user_id`, `objective_type_id`, `objective_id`, `like_dislike_flg`, `created_at`, `updated_at`) VALUES ('92', '62', '2', '70', 1, '1990-08-24 03:01:22', '1972-10-10 13:01:36');
INSERT INTO `likes` (`id`, `user_id`, `objective_type_id`, `objective_id`, `like_dislike_flg`, `created_at`, `updated_at`) VALUES ('93', '91', '13', '38', 0, '1989-05-24 03:21:08', '1982-04-07 05:03:27');
INSERT INTO `likes` (`id`, `user_id`, `objective_type_id`, `objective_id`, `like_dislike_flg`, `created_at`, `updated_at`) VALUES ('94', '4', '19', '91', 0, '1986-05-16 06:41:10', '1988-08-28 03:59:01');
INSERT INTO `likes` (`id`, `user_id`, `objective_type_id`, `objective_id`, `like_dislike_flg`, `created_at`, `updated_at`) VALUES ('95', '48', '87', '99', 1, '2010-10-23 05:00:40', '2016-04-11 20:16:12');
INSERT INTO `likes` (`id`, `user_id`, `objective_type_id`, `objective_id`, `like_dislike_flg`, `created_at`, `updated_at`) VALUES ('96', '22', '17', '47', 0, '2008-10-25 14:00:36', '1998-11-21 20:28:38');
INSERT INTO `likes` (`id`, `user_id`, `objective_type_id`, `objective_id`, `like_dislike_flg`, `created_at`, `updated_at`) VALUES ('97', '13', '71', '16', 0, '2001-01-31 06:17:23', '2020-05-16 11:51:07');
INSERT INTO `likes` (`id`, `user_id`, `objective_type_id`, `objective_id`, `like_dislike_flg`, `created_at`, `updated_at`) VALUES ('98', '89', '73', '84', 0, '1976-04-24 00:32:37', '2013-06-28 10:20:23');
INSERT INTO `likes` (`id`, `user_id`, `objective_type_id`, `objective_id`, `like_dislike_flg`, `created_at`, `updated_at`) VALUES ('99', '29', '62', '73', 1, '2000-05-01 17:56:53', '1982-08-02 15:12:34');
INSERT INTO `likes` (`id`, `user_id`, `objective_type_id`, `objective_id`, `like_dislike_flg`, `created_at`, `updated_at`) VALUES ('100', '24', '68', '52', 1, '1986-09-10 01:38:08', '2020-01-13 15:56:17');


# TABLE STRUCTURE FOR: songs

INSERT INTO `songs` (`id`, `title`, `genre_id`, `album_id`, `performer_id`, `created_at`, `updated_at`) VALUES ('1', 'Nihil iure asperiores repudiandae qui vel sit.', '73', '89', '86', '1998-08-05 12:46:10', '1970-03-09 12:15:44');
INSERT INTO `songs` (`id`, `title`, `genre_id`, `album_id`, `performer_id`, `created_at`, `updated_at`) VALUES ('2', 'Dolorum blanditiis odio quidem tenetur et fugit.', '71', '90', '72', '1982-10-13 14:32:39', '2002-05-26 06:22:53');
INSERT INTO `songs` (`id`, `title`, `genre_id`, `album_id`, `performer_id`, `created_at`, `updated_at`) VALUES ('3', 'Ut autem ex autem est.', '44', '12', '12', '2004-07-12 09:05:01', '2015-04-14 08:10:06');
INSERT INTO `songs` (`id`, `title`, `genre_id`, `album_id`, `performer_id`, `created_at`, `updated_at`) VALUES ('4', 'Omnis maxime sed est vel et.', '53', '84', '30', '1978-03-20 17:11:34', '2001-10-12 12:18:10');
INSERT INTO `songs` (`id`, `title`, `genre_id`, `album_id`, `performer_id`, `created_at`, `updated_at`) VALUES ('5', 'Earum est vitae nam minima rerum quia sunt.', '92', '36', '11', '1970-02-13 18:56:28', '2010-05-18 13:00:03');
INSERT INTO `songs` (`id`, `title`, `genre_id`, `album_id`, `performer_id`, `created_at`, `updated_at`) VALUES ('6', 'Aut sint sint alias voluptatem dolorem.', '26', '89', '59', '1988-05-28 05:40:54', '1997-01-23 00:15:56');
INSERT INTO `songs` (`id`, `title`, `genre_id`, `album_id`, `performer_id`, `created_at`, `updated_at`) VALUES ('7', 'Adipisci qui aspernatur incidunt rerum quo.', '26', '33', '53', '1997-02-06 14:45:44', '1980-09-24 02:23:03');
INSERT INTO `songs` (`id`, `title`, `genre_id`, `album_id`, `performer_id`, `created_at`, `updated_at`) VALUES ('8', 'Nobis molestiae fugiat excepturi sed.', '84', '43', '35', '1989-07-19 08:04:09', '2008-04-12 22:42:08');
INSERT INTO `songs` (`id`, `title`, `genre_id`, `album_id`, `performer_id`, `created_at`, `updated_at`) VALUES ('9', 'Magnam est id nemo saepe consequatur.', '28', '71', '91', '1973-07-12 13:25:26', '1985-10-15 03:20:37');
INSERT INTO `songs` (`id`, `title`, `genre_id`, `album_id`, `performer_id`, `created_at`, `updated_at`) VALUES ('10', 'Ut ut possimus ut quas cupiditate nemo.', '17', '7', '6', '2007-10-12 08:41:06', '2004-06-04 16:05:24');
INSERT INTO `songs` (`id`, `title`, `genre_id`, `album_id`, `performer_id`, `created_at`, `updated_at`) VALUES ('11', 'Cum consequatur qui magnam alias.', '14', '79', '95', '1985-06-18 07:13:41', '1986-07-17 16:09:58');
INSERT INTO `songs` (`id`, `title`, `genre_id`, `album_id`, `performer_id`, `created_at`, `updated_at`) VALUES ('12', 'Libero quibusdam numquam ut non est in ea.', '99', '49', '85', '1970-02-12 19:03:15', '1973-05-28 03:40:48');
INSERT INTO `songs` (`id`, `title`, `genre_id`, `album_id`, `performer_id`, `created_at`, `updated_at`) VALUES ('13', 'Voluptatem nihil modi iste. Minus amet iusto et.', '70', '92', '96', '1996-04-17 10:53:45', '1977-05-08 04:16:56');
INSERT INTO `songs` (`id`, `title`, `genre_id`, `album_id`, `performer_id`, `created_at`, `updated_at`) VALUES ('14', 'Excepturi dolorum aliquid odio.', '81', '45', '80', '2000-06-14 02:03:02', '1999-11-20 03:00:16');
INSERT INTO `songs` (`id`, `title`, `genre_id`, `album_id`, `performer_id`, `created_at`, `updated_at`) VALUES ('15', 'Eaque corrupti et ex sed adipisci illo occaecati.', '10', '37', '15', '1971-08-21 02:33:11', '1994-06-06 22:04:07');
INSERT INTO `songs` (`id`, `title`, `genre_id`, `album_id`, `performer_id`, `created_at`, `updated_at`) VALUES ('16', 'Nam ab quibusdam et saepe rerum.', '21', '62', '3', '1977-01-21 11:38:23', '1996-08-31 18:49:57');
INSERT INTO `songs` (`id`, `title`, `genre_id`, `album_id`, `performer_id`, `created_at`, `updated_at`) VALUES ('17', 'Sunt magni cumque est et aut iste numquam aut.', '79', '88', '35', '1994-04-09 00:48:13', '1986-06-17 20:05:08');
INSERT INTO `songs` (`id`, `title`, `genre_id`, `album_id`, `performer_id`, `created_at`, `updated_at`) VALUES ('18', 'Saepe maiores sit omnis provident nisi.', '32', '71', '78', '2014-07-27 01:10:19', '2009-12-02 08:27:56');
INSERT INTO `songs` (`id`, `title`, `genre_id`, `album_id`, `performer_id`, `created_at`, `updated_at`) VALUES ('19', 'Rem eius non ipsa tenetur.', '66', '98', '48', '1980-08-09 06:20:54', '2008-12-04 00:15:02');
INSERT INTO `songs` (`id`, `title`, `genre_id`, `album_id`, `performer_id`, `created_at`, `updated_at`) VALUES ('20', 'Vel et consequatur dolorum dolores.', '56', '15', '54', '1979-05-14 16:52:58', '1982-08-21 21:12:20');
INSERT INTO `songs` (`id`, `title`, `genre_id`, `album_id`, `performer_id`, `created_at`, `updated_at`) VALUES ('21', 'Inventore omnis ipsa ea porro ut alias.', '62', '28', '33', '2015-07-09 15:44:10', '1984-11-20 03:24:45');
INSERT INTO `songs` (`id`, `title`, `genre_id`, `album_id`, `performer_id`, `created_at`, `updated_at`) VALUES ('22', 'Et pariatur et ut consequatur dolor a odit.', '57', '26', '81', '1980-01-04 01:54:21', '2018-03-19 09:44:53');
INSERT INTO `songs` (`id`, `title`, `genre_id`, `album_id`, `performer_id`, `created_at`, `updated_at`) VALUES ('23', 'Laboriosam harum et expedita cumque quis.', '41', '96', '73', '1996-09-10 11:53:45', '2004-10-08 06:15:32');
INSERT INTO `songs` (`id`, `title`, `genre_id`, `album_id`, `performer_id`, `created_at`, `updated_at`) VALUES ('24', 'Sit eum nihil eum ut.', '37', '77', '17', '1997-06-17 21:02:38', '1981-10-11 20:48:23');
INSERT INTO `songs` (`id`, `title`, `genre_id`, `album_id`, `performer_id`, `created_at`, `updated_at`) VALUES ('25', 'Quia corrupti ullam consequatur earum.', '16', '87', '53', '1980-12-27 13:51:58', '1984-12-06 14:06:49');
INSERT INTO `songs` (`id`, `title`, `genre_id`, `album_id`, `performer_id`, `created_at`, `updated_at`) VALUES ('26', 'Culpa porro velit officia ut.', '30', '7', '15', '2004-06-30 16:40:16', '1998-03-29 10:54:44');
INSERT INTO `songs` (`id`, `title`, `genre_id`, `album_id`, `performer_id`, `created_at`, `updated_at`) VALUES ('27', 'Nesciunt corrupti autem animi nesciunt.', '33', '85', '2', '2012-04-21 15:48:45', '1973-01-01 15:42:36');
INSERT INTO `songs` (`id`, `title`, `genre_id`, `album_id`, `performer_id`, `created_at`, `updated_at`) VALUES ('28', 'Perspiciatis aut magnam itaque hic.', '67', '17', '72', '1975-11-11 00:09:19', '1973-05-29 01:33:29');
INSERT INTO `songs` (`id`, `title`, `genre_id`, `album_id`, `performer_id`, `created_at`, `updated_at`) VALUES ('29', 'Vitae aut asperiores in temporibus ut et.', '44', '82', '70', '2019-07-22 07:31:21', '2012-09-30 20:26:16');
INSERT INTO `songs` (`id`, `title`, `genre_id`, `album_id`, `performer_id`, `created_at`, `updated_at`) VALUES ('30', 'Molestiae aliquid dicta sint soluta voluptas.', '92', '38', '84', '2008-01-18 13:13:40', '1976-03-01 02:01:44');
INSERT INTO `songs` (`id`, `title`, `genre_id`, `album_id`, `performer_id`, `created_at`, `updated_at`) VALUES ('31', 'Totam quia iure est autem laborum odio autem.', '46', '100', '12', '2018-05-25 02:09:27', '2002-12-24 20:22:43');
INSERT INTO `songs` (`id`, `title`, `genre_id`, `album_id`, `performer_id`, `created_at`, `updated_at`) VALUES ('32', 'Repellendus animi in dolorum aut veritatis aut.', '78', '56', '37', '2002-10-01 19:08:10', '2011-01-27 13:52:58');
INSERT INTO `songs` (`id`, `title`, `genre_id`, `album_id`, `performer_id`, `created_at`, `updated_at`) VALUES ('33', 'Temporibus magni nisi sed modi.', '58', '97', '33', '1989-11-28 01:59:06', '1982-12-27 18:03:36');
INSERT INTO `songs` (`id`, `title`, `genre_id`, `album_id`, `performer_id`, `created_at`, `updated_at`) VALUES ('34', 'Ut et autem sed dolor.', '31', '34', '9', '2019-05-07 15:55:31', '2015-03-14 05:27:29');
INSERT INTO `songs` (`id`, `title`, `genre_id`, `album_id`, `performer_id`, `created_at`, `updated_at`) VALUES ('35', 'Repellat mollitia consectetur fugit sunt.', '47', '49', '95', '2009-01-08 21:06:25', '1984-09-27 01:19:31');
INSERT INTO `songs` (`id`, `title`, `genre_id`, `album_id`, `performer_id`, `created_at`, `updated_at`) VALUES ('36', 'Necessitatibus expedita atque similique.', '100', '79', '2', '1974-06-10 18:38:43', '1996-05-19 12:13:45');
INSERT INTO `songs` (`id`, `title`, `genre_id`, `album_id`, `performer_id`, `created_at`, `updated_at`) VALUES ('37', 'Sit itaque eum qui iste voluptatem.', '14', '11', '87', '1983-02-27 07:26:51', '1976-05-03 23:36:13');
INSERT INTO `songs` (`id`, `title`, `genre_id`, `album_id`, `performer_id`, `created_at`, `updated_at`) VALUES ('38', 'Sequi consequatur corporis mollitia.', '15', '78', '3', '1996-10-23 23:29:53', '2014-03-06 04:51:53');
INSERT INTO `songs` (`id`, `title`, `genre_id`, `album_id`, `performer_id`, `created_at`, `updated_at`) VALUES ('39', 'Autem consectetur tempora quasi ut.', '86', '22', '84', '2012-01-14 15:17:50', '1987-04-25 09:44:02');
INSERT INTO `songs` (`id`, `title`, `genre_id`, `album_id`, `performer_id`, `created_at`, `updated_at`) VALUES ('40', 'Labore ut ut consectetur.', '56', '14', '22', '1998-02-27 16:19:26', '1977-05-29 16:31:36');
INSERT INTO `songs` (`id`, `title`, `genre_id`, `album_id`, `performer_id`, `created_at`, `updated_at`) VALUES ('41', 'Animi similique sapiente laborum ut omnis error.', '39', '59', '22', '1986-04-23 20:51:05', '2017-11-14 02:33:11');
INSERT INTO `songs` (`id`, `title`, `genre_id`, `album_id`, `performer_id`, `created_at`, `updated_at`) VALUES ('42', 'Repellat ea ipsum alias error ipsum.', '51', '36', '78', '2020-12-08 05:16:25', '2011-08-30 04:21:09');
INSERT INTO `songs` (`id`, `title`, `genre_id`, `album_id`, `performer_id`, `created_at`, `updated_at`) VALUES ('43', 'Sed dicta quibusdam occaecati eum.', '88', '94', '75', '1983-08-26 03:06:33', '2019-07-06 22:28:06');
INSERT INTO `songs` (`id`, `title`, `genre_id`, `album_id`, `performer_id`, `created_at`, `updated_at`) VALUES ('44', 'Aliquam eum ut impedit ducimus.', '20', '24', '8', '1972-08-10 06:12:37', '2005-03-23 15:15:01');
INSERT INTO `songs` (`id`, `title`, `genre_id`, `album_id`, `performer_id`, `created_at`, `updated_at`) VALUES ('45', 'Aut consequuntur ut odio voluptatem sint quas.', '28', '71', '57', '1974-05-09 15:38:27', '1981-08-05 07:48:47');
INSERT INTO `songs` (`id`, `title`, `genre_id`, `album_id`, `performer_id`, `created_at`, `updated_at`) VALUES ('46', 'Nisi neque qui autem iusto quasi nesciunt quia.', '23', '70', '35', '1978-02-10 13:14:22', '1978-04-10 19:41:10');
INSERT INTO `songs` (`id`, `title`, `genre_id`, `album_id`, `performer_id`, `created_at`, `updated_at`) VALUES ('47', 'Earum tenetur odit qui inventore recusandae.', '24', '84', '46', '1984-06-26 08:31:20', '2008-07-14 20:00:26');
INSERT INTO `songs` (`id`, `title`, `genre_id`, `album_id`, `performer_id`, `created_at`, `updated_at`) VALUES ('48', 'Id quidem suscipit earum incidunt maiores.', '10', '98', '24', '1989-04-06 12:20:40', '2013-10-03 15:21:42');
INSERT INTO `songs` (`id`, `title`, `genre_id`, `album_id`, `performer_id`, `created_at`, `updated_at`) VALUES ('49', 'Beatae vero optio vitae ut.', '12', '84', '46', '1996-12-15 06:55:54', '1995-07-17 03:22:37');
INSERT INTO `songs` (`id`, `title`, `genre_id`, `album_id`, `performer_id`, `created_at`, `updated_at`) VALUES ('50', 'Dicta odio quo libero.', '96', '39', '59', '2012-08-15 13:31:38', '2018-11-13 12:21:32');
INSERT INTO `songs` (`id`, `title`, `genre_id`, `album_id`, `performer_id`, `created_at`, `updated_at`) VALUES ('51', 'Qui nihil animi velit beatae nemo libero.', '18', '78', '17', '1996-02-17 22:51:37', '2016-05-13 12:19:23');
INSERT INTO `songs` (`id`, `title`, `genre_id`, `album_id`, `performer_id`, `created_at`, `updated_at`) VALUES ('52', 'Eaque voluptas quo suscipit est magni quo ad et.', '39', '28', '53', '1999-12-19 22:45:52', '1976-05-13 13:33:07');
INSERT INTO `songs` (`id`, `title`, `genre_id`, `album_id`, `performer_id`, `created_at`, `updated_at`) VALUES ('53', 'Sed velit atque nisi possimus.', '17', '15', '47', '1979-07-20 13:43:51', '1986-10-28 06:51:32');
INSERT INTO `songs` (`id`, `title`, `genre_id`, `album_id`, `performer_id`, `created_at`, `updated_at`) VALUES ('54', 'A delectus officiis magni nam.', '91', '35', '71', '2013-12-24 18:31:27', '1983-03-29 00:25:40');
INSERT INTO `songs` (`id`, `title`, `genre_id`, `album_id`, `performer_id`, `created_at`, `updated_at`) VALUES ('55', 'Magnam soluta quia unde.', '98', '63', '41', '2021-10-12 12:02:00', '1994-09-26 17:49:22');
INSERT INTO `songs` (`id`, `title`, `genre_id`, `album_id`, `performer_id`, `created_at`, `updated_at`) VALUES ('56', 'Delectus est quo dolor at et sit.', '54', '85', '11', '1993-08-25 16:24:12', '2004-10-03 00:21:00');
INSERT INTO `songs` (`id`, `title`, `genre_id`, `album_id`, `performer_id`, `created_at`, `updated_at`) VALUES ('57', 'Odio sint quod dolores soluta quasi rerum.', '89', '9', '95', '1978-01-25 20:11:34', '1970-10-15 21:33:49');
INSERT INTO `songs` (`id`, `title`, `genre_id`, `album_id`, `performer_id`, `created_at`, `updated_at`) VALUES ('58', 'Hic vero doloremque non natus.', '35', '18', '93', '2006-05-22 07:36:21', '1972-10-25 01:39:21');
INSERT INTO `songs` (`id`, `title`, `genre_id`, `album_id`, `performer_id`, `created_at`, `updated_at`) VALUES ('59', 'Recusandae doloribus est eius sit quis.', '58', '30', '76', '2001-03-18 08:45:36', '2003-02-13 00:29:21');
INSERT INTO `songs` (`id`, `title`, `genre_id`, `album_id`, `performer_id`, `created_at`, `updated_at`) VALUES ('60', 'A unde non et ea.', '4', '26', '15', '1977-06-16 06:12:40', '1993-12-14 16:58:58');
INSERT INTO `songs` (`id`, `title`, `genre_id`, `album_id`, `performer_id`, `created_at`, `updated_at`) VALUES ('61', 'Tempora ut aspernatur quia ipsum quae.', '62', '43', '93', '1991-01-04 13:44:37', '1990-11-03 21:36:23');
INSERT INTO `songs` (`id`, `title`, `genre_id`, `album_id`, `performer_id`, `created_at`, `updated_at`) VALUES ('62', 'Quia odit quos et ea unde.', '79', '82', '21', '2013-02-22 06:34:59', '1993-01-06 23:32:29');
INSERT INTO `songs` (`id`, `title`, `genre_id`, `album_id`, `performer_id`, `created_at`, `updated_at`) VALUES ('63', 'Consequatur enim est ut tenetur qui.', '32', '98', '35', '1972-10-28 05:17:33', '2017-02-17 04:10:36');
INSERT INTO `songs` (`id`, `title`, `genre_id`, `album_id`, `performer_id`, `created_at`, `updated_at`) VALUES ('64', 'Maiores ut sit temporibus officiis.', '78', '88', '70', '2020-07-03 18:42:38', '2020-11-26 06:20:59');
INSERT INTO `songs` (`id`, `title`, `genre_id`, `album_id`, `performer_id`, `created_at`, `updated_at`) VALUES ('65', 'Sunt molestiae inventore mollitia quia.', '48', '86', '32', '1982-01-02 14:36:30', '2020-12-12 22:27:47');
INSERT INTO `songs` (`id`, `title`, `genre_id`, `album_id`, `performer_id`, `created_at`, `updated_at`) VALUES ('66', 'Alias molestiae qui aut ut.', '89', '39', '16', '1989-08-19 11:04:45', '2007-11-28 22:58:32');
INSERT INTO `songs` (`id`, `title`, `genre_id`, `album_id`, `performer_id`, `created_at`, `updated_at`) VALUES ('67', 'Ipsa quae est quia sint voluptate.', '100', '28', '25', '2000-01-17 00:49:30', '1978-08-19 06:40:38');
INSERT INTO `songs` (`id`, `title`, `genre_id`, `album_id`, `performer_id`, `created_at`, `updated_at`) VALUES ('68', 'Eligendi ipsa error veniam placeat quae adipisci.', '94', '62', '43', '1985-12-12 16:31:01', '1990-11-09 05:02:51');
INSERT INTO `songs` (`id`, `title`, `genre_id`, `album_id`, `performer_id`, `created_at`, `updated_at`) VALUES ('69', 'Rerum perferendis rem porro consequatur.', '86', '20', '73', '1988-02-15 19:19:35', '1982-05-04 21:39:36');
INSERT INTO `songs` (`id`, `title`, `genre_id`, `album_id`, `performer_id`, `created_at`, `updated_at`) VALUES ('70', 'Autem deserunt temporibus qui aut consectetur.', '62', '23', '98', '1989-11-15 18:46:23', '1986-11-09 04:35:22');
INSERT INTO `songs` (`id`, `title`, `genre_id`, `album_id`, `performer_id`, `created_at`, `updated_at`) VALUES ('71', 'A vero labore et similique eius.', '77', '84', '41', '2003-08-02 16:15:33', '1973-12-01 11:51:21');
INSERT INTO `songs` (`id`, `title`, `genre_id`, `album_id`, `performer_id`, `created_at`, `updated_at`) VALUES ('72', 'Atque voluptate eius id odio.', '69', '63', '23', '2010-04-29 01:48:30', '2003-06-17 19:23:55');
INSERT INTO `songs` (`id`, `title`, `genre_id`, `album_id`, `performer_id`, `created_at`, `updated_at`) VALUES ('73', 'Aut eos delectus explicabo molestiae quae.', '89', '94', '21', '1986-05-08 08:03:34', '1988-06-27 12:17:06');
INSERT INTO `songs` (`id`, `title`, `genre_id`, `album_id`, `performer_id`, `created_at`, `updated_at`) VALUES ('74', 'Architecto omnis laborum porro sint sunt.', '24', '72', '8', '2013-07-26 02:44:49', '1989-05-02 13:47:38');
INSERT INTO `songs` (`id`, `title`, `genre_id`, `album_id`, `performer_id`, `created_at`, `updated_at`) VALUES ('75', 'Quia voluptate eaque nesciunt omnis eligendi.', '93', '19', '94', '1971-04-12 20:07:37', '1976-01-16 10:39:30');
INSERT INTO `songs` (`id`, `title`, `genre_id`, `album_id`, `performer_id`, `created_at`, `updated_at`) VALUES ('76', 'Voluptas voluptas accusamus omnis debitis.', '24', '8', '32', '1991-03-12 14:34:49', '2009-03-10 07:27:20');
INSERT INTO `songs` (`id`, `title`, `genre_id`, `album_id`, `performer_id`, `created_at`, `updated_at`) VALUES ('77', 'Enim commodi et tenetur nisi autem fuga.', '40', '7', '59', '2016-12-09 19:56:16', '2007-03-03 06:24:37');
INSERT INTO `songs` (`id`, `title`, `genre_id`, `album_id`, `performer_id`, `created_at`, `updated_at`) VALUES ('78', 'Minima in sint amet rerum eligendi inventore.', '64', '1', '21', '1971-12-09 17:57:01', '2018-10-11 06:25:39');
INSERT INTO `songs` (`id`, `title`, `genre_id`, `album_id`, `performer_id`, `created_at`, `updated_at`) VALUES ('79', 'Qui omnis facere iure dolorem.', '7', '87', '40', '2002-09-30 08:11:45', '2013-01-05 04:12:41');
INSERT INTO `songs` (`id`, `title`, `genre_id`, `album_id`, `performer_id`, `created_at`, `updated_at`) VALUES ('80', 'Eos molestias repellendus quam aut.', '79', '49', '63', '1993-03-12 04:08:41', '2017-08-21 06:20:54');
INSERT INTO `songs` (`id`, `title`, `genre_id`, `album_id`, `performer_id`, `created_at`, `updated_at`) VALUES ('81', 'Praesentium officiis officiis occaecati.', '76', '25', '47', '2001-10-23 04:22:37', '1995-06-14 10:23:03');
INSERT INTO `songs` (`id`, `title`, `genre_id`, `album_id`, `performer_id`, `created_at`, `updated_at`) VALUES ('82', 'Eos error et dolores.', '17', '93', '9', '2014-05-04 21:01:28', '2002-07-28 08:37:28');
INSERT INTO `songs` (`id`, `title`, `genre_id`, `album_id`, `performer_id`, `created_at`, `updated_at`) VALUES ('83', 'Aut quam cupiditate possimus hic voluptatibus.', '39', '82', '3', '2008-09-04 13:31:45', '2007-02-09 17:57:27');
INSERT INTO `songs` (`id`, `title`, `genre_id`, `album_id`, `performer_id`, `created_at`, `updated_at`) VALUES ('84', 'Ut aliquam incidunt quia sit.', '59', '5', '74', '1988-07-16 18:17:03', '2016-02-14 16:21:12');
INSERT INTO `songs` (`id`, `title`, `genre_id`, `album_id`, `performer_id`, `created_at`, `updated_at`) VALUES ('85', 'Consequatur soluta omnis atque labore.', '67', '97', '93', '1991-09-30 06:06:08', '1982-08-25 06:36:32');
INSERT INTO `songs` (`id`, `title`, `genre_id`, `album_id`, `performer_id`, `created_at`, `updated_at`) VALUES ('86', 'Magnam aut unde odio est et facere.', '60', '21', '100', '2014-09-16 15:38:42', '2010-12-04 05:41:41');
INSERT INTO `songs` (`id`, `title`, `genre_id`, `album_id`, `performer_id`, `created_at`, `updated_at`) VALUES ('87', 'Voluptas quos eos et ipsam nam.', '92', '61', '7', '2017-10-06 03:04:29', '2003-02-22 17:40:42');
INSERT INTO `songs` (`id`, `title`, `genre_id`, `album_id`, `performer_id`, `created_at`, `updated_at`) VALUES ('88', 'Nemo temporibus corrupti qui occaecati cum.', '51', '25', '8', '1998-10-07 12:11:51', '1978-05-13 14:21:57');
INSERT INTO `songs` (`id`, `title`, `genre_id`, `album_id`, `performer_id`, `created_at`, `updated_at`) VALUES ('89', 'Non magni autem eveniet laboriosam.', '71', '31', '94', '1980-01-27 18:41:40', '2010-10-21 12:34:23');
INSERT INTO `songs` (`id`, `title`, `genre_id`, `album_id`, `performer_id`, `created_at`, `updated_at`) VALUES ('90', 'Commodi eos recusandae suscipit qui et.', '11', '9', '42', '2001-04-28 23:25:42', '1987-07-11 14:36:39');
INSERT INTO `songs` (`id`, `title`, `genre_id`, `album_id`, `performer_id`, `created_at`, `updated_at`) VALUES ('91', 'Reiciendis ut officiis natus quasi nulla aut.', '73', '85', '67', '2004-11-29 08:46:52', '1988-06-27 20:30:38');
INSERT INTO `songs` (`id`, `title`, `genre_id`, `album_id`, `performer_id`, `created_at`, `updated_at`) VALUES ('92', 'Rerum optio expedita ipsa accusamus.', '20', '1', '59', '1974-01-08 04:28:37', '1999-12-15 20:32:07');
INSERT INTO `songs` (`id`, `title`, `genre_id`, `album_id`, `performer_id`, `created_at`, `updated_at`) VALUES ('93', 'Modi quis architecto quam veritatis modi.', '28', '40', '40', '2020-03-25 05:58:38', '1972-05-06 14:46:18');
INSERT INTO `songs` (`id`, `title`, `genre_id`, `album_id`, `performer_id`, `created_at`, `updated_at`) VALUES ('94', 'Nesciunt et tenetur perspiciatis iure.', '31', '99', '45', '1971-09-29 20:38:38', '1976-03-30 11:22:58');
INSERT INTO `songs` (`id`, `title`, `genre_id`, `album_id`, `performer_id`, `created_at`, `updated_at`) VALUES ('95', 'Eveniet nostrum reprehenderit et sed.', '4', '65', '42', '1972-09-05 13:31:14', '2003-06-27 14:40:52');
INSERT INTO `songs` (`id`, `title`, `genre_id`, `album_id`, `performer_id`, `created_at`, `updated_at`) VALUES ('96', 'Sint ea ex harum.', '96', '24', '62', '2017-05-26 22:26:39', '2014-09-08 16:05:19');
INSERT INTO `songs` (`id`, `title`, `genre_id`, `album_id`, `performer_id`, `created_at`, `updated_at`) VALUES ('97', 'Natus modi et porro in ea.', '96', '15', '23', '2007-09-01 09:46:12', '1994-02-04 22:07:56');
INSERT INTO `songs` (`id`, `title`, `genre_id`, `album_id`, `performer_id`, `created_at`, `updated_at`) VALUES ('98', 'Voluptatem impedit ea illum et voluptas labore.', '2', '65', '47', '1975-01-28 20:50:58', '2016-07-14 17:41:40');
INSERT INTO `songs` (`id`, `title`, `genre_id`, `album_id`, `performer_id`, `created_at`, `updated_at`) VALUES ('99', 'Illum dicta quia aut saepe magni.', '10', '36', '77', '2014-12-21 13:50:29', '1984-06-22 07:09:12');
INSERT INTO `songs` (`id`, `title`, `genre_id`, `album_id`, `performer_id`, `created_at`, `updated_at`) VALUES ('100', 'Hic possimus itaque qui ab quasi.', '3', '46', '86', '2018-07-16 14:35:20', '1975-12-29 04:47:13');

# TABLE STRUCTURE FOR: playlists

INSERT INTO `playlists` (`id`, `user_id`, `playlist_name`, `song_id`, `created_at`, `updated_at`) VALUES ('1', '81', 'ad', '56', '2003-01-15 02:07:36', '2002-12-03 09:58:52');
INSERT INTO `playlists` (`id`, `user_id`, `playlist_name`, `song_id`, `created_at`, `updated_at`) VALUES ('2', '22', 'accusamus', '84', '1992-08-21 08:53:32', '2017-06-11 20:21:29');
INSERT INTO `playlists` (`id`, `user_id`, `playlist_name`, `song_id`, `created_at`, `updated_at`) VALUES ('3', '92', 'omnis', '35', '1989-04-30 18:57:11', '1998-12-13 06:52:54');
INSERT INTO `playlists` (`id`, `user_id`, `playlist_name`, `song_id`, `created_at`, `updated_at`) VALUES ('4', '48', 'qui', '79', '2015-12-30 13:29:23', '1984-01-26 19:26:34');
INSERT INTO `playlists` (`id`, `user_id`, `playlist_name`, `song_id`, `created_at`, `updated_at`) VALUES ('5', '22', 'aut', '57', '1971-09-02 23:30:23', '2002-10-10 21:10:21');
INSERT INTO `playlists` (`id`, `user_id`, `playlist_name`, `song_id`, `created_at`, `updated_at`) VALUES ('6', '61', 'officiis', '12', '1988-11-21 18:30:06', '1996-04-15 06:01:45');
INSERT INTO `playlists` (`id`, `user_id`, `playlist_name`, `song_id`, `created_at`, `updated_at`) VALUES ('7', '70', 'officia', '25', '1984-09-27 11:06:35', '1984-07-21 15:52:21');
INSERT INTO `playlists` (`id`, `user_id`, `playlist_name`, `song_id`, `created_at`, `updated_at`) VALUES ('8', '28', 'porro', '54', '2002-12-07 14:44:33', '1997-03-10 00:39:14');
INSERT INTO `playlists` (`id`, `user_id`, `playlist_name`, `song_id`, `created_at`, `updated_at`) VALUES ('9', '24', 'facere', '94', '2011-11-25 21:12:44', '2009-12-10 05:46:01');
INSERT INTO `playlists` (`id`, `user_id`, `playlist_name`, `song_id`, `created_at`, `updated_at`) VALUES ('10', '57', 'nobis', '86', '1971-03-06 05:33:06', '2000-07-09 22:13:57');
INSERT INTO `playlists` (`id`, `user_id`, `playlist_name`, `song_id`, `created_at`, `updated_at`) VALUES ('11', '92', 'at', '37', '2007-09-04 23:16:33', '1992-12-12 02:51:33');
INSERT INTO `playlists` (`id`, `user_id`, `playlist_name`, `song_id`, `created_at`, `updated_at`) VALUES ('12', '65', 'voluptates', '33', '2008-01-07 02:02:56', '1997-02-14 09:09:17');
INSERT INTO `playlists` (`id`, `user_id`, `playlist_name`, `song_id`, `created_at`, `updated_at`) VALUES ('13', '99', 'libero', '4', '2005-12-15 06:43:49', '2011-06-19 18:14:17');
INSERT INTO `playlists` (`id`, `user_id`, `playlist_name`, `song_id`, `created_at`, `updated_at`) VALUES ('14', '100', 'et', '76', '1984-05-24 21:20:59', '1974-05-29 04:21:04');
INSERT INTO `playlists` (`id`, `user_id`, `playlist_name`, `song_id`, `created_at`, `updated_at`) VALUES ('15', '32', 'quae', '28', '2004-08-09 21:36:32', '2004-10-16 23:09:10');
INSERT INTO `playlists` (`id`, `user_id`, `playlist_name`, `song_id`, `created_at`, `updated_at`) VALUES ('16', '37', 'recusandae', '13', '1971-04-22 21:35:37', '2006-01-31 05:14:51');
INSERT INTO `playlists` (`id`, `user_id`, `playlist_name`, `song_id`, `created_at`, `updated_at`) VALUES ('17', '84', 'magnam', '58', '2006-03-23 10:47:22', '2011-06-12 14:31:36');
INSERT INTO `playlists` (`id`, `user_id`, `playlist_name`, `song_id`, `created_at`, `updated_at`) VALUES ('18', '97', 'omnis', '75', '1987-11-30 03:03:52', '1974-05-18 18:21:19');
INSERT INTO `playlists` (`id`, `user_id`, `playlist_name`, `song_id`, `created_at`, `updated_at`) VALUES ('19', '93', 'et', '45', '2008-08-04 16:49:31', '1990-08-15 18:19:58');
INSERT INTO `playlists` (`id`, `user_id`, `playlist_name`, `song_id`, `created_at`, `updated_at`) VALUES ('20', '53', 'inventore', '14', '1989-04-23 15:12:38', '1977-08-08 01:29:06');
INSERT INTO `playlists` (`id`, `user_id`, `playlist_name`, `song_id`, `created_at`, `updated_at`) VALUES ('21', '1', 'omnis', '13', '2019-10-16 23:41:05', '1973-07-11 14:38:23');
INSERT INTO `playlists` (`id`, `user_id`, `playlist_name`, `song_id`, `created_at`, `updated_at`) VALUES ('22', '26', 'et', '71', '1978-11-24 00:25:27', '2014-11-23 12:02:46');
INSERT INTO `playlists` (`id`, `user_id`, `playlist_name`, `song_id`, `created_at`, `updated_at`) VALUES ('23', '38', 'aspernatur', '53', '2007-10-11 13:38:35', '1987-08-21 02:01:05');
INSERT INTO `playlists` (`id`, `user_id`, `playlist_name`, `song_id`, `created_at`, `updated_at`) VALUES ('24', '24', 'provident', '61', '2020-12-15 18:16:43', '2019-01-19 01:43:04');
INSERT INTO `playlists` (`id`, `user_id`, `playlist_name`, `song_id`, `created_at`, `updated_at`) VALUES ('25', '47', 'qui', '81', '2008-03-07 05:04:32', '1995-02-15 10:46:50');
INSERT INTO `playlists` (`id`, `user_id`, `playlist_name`, `song_id`, `created_at`, `updated_at`) VALUES ('26', '46', 'rerum', '38', '2014-05-22 11:31:53', '2019-05-04 20:00:05');
INSERT INTO `playlists` (`id`, `user_id`, `playlist_name`, `song_id`, `created_at`, `updated_at`) VALUES ('27', '18', 'labore', '11', '1989-07-10 18:26:41', '2015-06-29 12:07:15');
INSERT INTO `playlists` (`id`, `user_id`, `playlist_name`, `song_id`, `created_at`, `updated_at`) VALUES ('28', '70', 'et', '16', '1985-10-10 10:52:46', '1986-11-17 03:56:17');
INSERT INTO `playlists` (`id`, `user_id`, `playlist_name`, `song_id`, `created_at`, `updated_at`) VALUES ('29', '15', 'explicabo', '70', '2000-02-01 15:38:11', '2016-11-07 08:17:54');
INSERT INTO `playlists` (`id`, `user_id`, `playlist_name`, `song_id`, `created_at`, `updated_at`) VALUES ('30', '92', 'explicabo', '47', '2008-08-21 10:38:43', '1989-04-17 23:27:55');
INSERT INTO `playlists` (`id`, `user_id`, `playlist_name`, `song_id`, `created_at`, `updated_at`) VALUES ('31', '97', 'fuga', '28', '1987-09-18 07:33:56', '2015-07-15 21:06:08');
INSERT INTO `playlists` (`id`, `user_id`, `playlist_name`, `song_id`, `created_at`, `updated_at`) VALUES ('32', '60', 'eveniet', '80', '2019-03-09 19:42:48', '2001-05-31 06:18:00');
INSERT INTO `playlists` (`id`, `user_id`, `playlist_name`, `song_id`, `created_at`, `updated_at`) VALUES ('33', '86', 'dolores', '56', '1970-08-11 20:02:57', '2002-02-09 14:39:53');
INSERT INTO `playlists` (`id`, `user_id`, `playlist_name`, `song_id`, `created_at`, `updated_at`) VALUES ('34', '55', 'voluptatem', '78', '2002-11-29 13:09:59', '2000-11-06 14:20:40');
INSERT INTO `playlists` (`id`, `user_id`, `playlist_name`, `song_id`, `created_at`, `updated_at`) VALUES ('35', '100', 'non', '8', '1974-10-23 22:15:04', '1977-03-10 04:22:19');
INSERT INTO `playlists` (`id`, `user_id`, `playlist_name`, `song_id`, `created_at`, `updated_at`) VALUES ('36', '92', 'blanditiis', '1', '1983-03-03 00:35:24', '2014-02-24 12:37:52');
INSERT INTO `playlists` (`id`, `user_id`, `playlist_name`, `song_id`, `created_at`, `updated_at`) VALUES ('37', '21', 'nihil', '18', '1999-10-11 23:47:16', '2018-10-09 05:39:28');
INSERT INTO `playlists` (`id`, `user_id`, `playlist_name`, `song_id`, `created_at`, `updated_at`) VALUES ('38', '71', 'maxime', '58', '1994-03-04 16:40:50', '1982-11-29 17:37:23');
INSERT INTO `playlists` (`id`, `user_id`, `playlist_name`, `song_id`, `created_at`, `updated_at`) VALUES ('39', '71', 'quae', '95', '1985-12-28 01:10:07', '2005-12-12 10:24:59');
INSERT INTO `playlists` (`id`, `user_id`, `playlist_name`, `song_id`, `created_at`, `updated_at`) VALUES ('40', '19', 'aut', '17', '2015-06-14 04:31:41', '1990-12-02 20:57:37');
INSERT INTO `playlists` (`id`, `user_id`, `playlist_name`, `song_id`, `created_at`, `updated_at`) VALUES ('41', '76', 'dolor', '65', '2012-02-13 03:14:03', '2017-09-12 20:59:34');
INSERT INTO `playlists` (`id`, `user_id`, `playlist_name`, `song_id`, `created_at`, `updated_at`) VALUES ('42', '54', 'ullam', '93', '1983-12-20 14:14:50', '1970-06-01 23:06:01');
INSERT INTO `playlists` (`id`, `user_id`, `playlist_name`, `song_id`, `created_at`, `updated_at`) VALUES ('43', '76', 'vel', '24', '2009-01-01 14:36:37', '1997-10-22 05:39:32');
INSERT INTO `playlists` (`id`, `user_id`, `playlist_name`, `song_id`, `created_at`, `updated_at`) VALUES ('44', '9', 'ut', '91', '1975-12-13 10:25:50', '1983-09-26 22:24:05');
INSERT INTO `playlists` (`id`, `user_id`, `playlist_name`, `song_id`, `created_at`, `updated_at`) VALUES ('45', '93', 'tenetur', '100', '2001-09-13 22:38:22', '2001-06-06 19:30:26');
INSERT INTO `playlists` (`id`, `user_id`, `playlist_name`, `song_id`, `created_at`, `updated_at`) VALUES ('46', '37', 'ut', '90', '1984-05-30 19:00:09', '2009-09-23 19:32:49');
INSERT INTO `playlists` (`id`, `user_id`, `playlist_name`, `song_id`, `created_at`, `updated_at`) VALUES ('47', '28', 'pariatur', '96', '2003-12-18 08:13:20', '2002-08-29 06:31:24');
INSERT INTO `playlists` (`id`, `user_id`, `playlist_name`, `song_id`, `created_at`, `updated_at`) VALUES ('48', '70', 'quisquam', '13', '1982-05-29 04:08:01', '1994-04-24 08:18:00');
INSERT INTO `playlists` (`id`, `user_id`, `playlist_name`, `song_id`, `created_at`, `updated_at`) VALUES ('49', '52', 'quo', '25', '1976-07-08 12:12:01', '1972-05-12 09:37:39');
INSERT INTO `playlists` (`id`, `user_id`, `playlist_name`, `song_id`, `created_at`, `updated_at`) VALUES ('50', '91', 'neque', '52', '1979-09-03 16:21:36', '1998-05-15 07:02:43');
INSERT INTO `playlists` (`id`, `user_id`, `playlist_name`, `song_id`, `created_at`, `updated_at`) VALUES ('51', '32', 'rerum', '83', '2002-07-21 02:35:04', '1996-04-19 01:46:17');
INSERT INTO `playlists` (`id`, `user_id`, `playlist_name`, `song_id`, `created_at`, `updated_at`) VALUES ('52', '52', 'hic', '53', '1992-02-11 22:43:50', '1987-04-06 23:39:54');
INSERT INTO `playlists` (`id`, `user_id`, `playlist_name`, `song_id`, `created_at`, `updated_at`) VALUES ('53', '100', 'aut', '23', '1973-06-27 06:38:57', '1979-09-13 21:30:37');
INSERT INTO `playlists` (`id`, `user_id`, `playlist_name`, `song_id`, `created_at`, `updated_at`) VALUES ('54', '10', 'impedit', '70', '2003-09-22 02:15:32', '2003-06-11 02:23:14');
INSERT INTO `playlists` (`id`, `user_id`, `playlist_name`, `song_id`, `created_at`, `updated_at`) VALUES ('55', '18', 'aut', '29', '1981-05-04 20:24:45', '1999-10-18 21:11:11');
INSERT INTO `playlists` (`id`, `user_id`, `playlist_name`, `song_id`, `created_at`, `updated_at`) VALUES ('56', '86', 'neque', '93', '1980-07-28 12:52:28', '1997-05-15 07:22:44');
INSERT INTO `playlists` (`id`, `user_id`, `playlist_name`, `song_id`, `created_at`, `updated_at`) VALUES ('57', '94', 'voluptatem', '40', '1980-12-10 17:49:51', '2010-06-03 20:19:54');
INSERT INTO `playlists` (`id`, `user_id`, `playlist_name`, `song_id`, `created_at`, `updated_at`) VALUES ('58', '86', 'alias', '69', '1981-01-26 05:11:43', '1977-05-11 23:28:19');
INSERT INTO `playlists` (`id`, `user_id`, `playlist_name`, `song_id`, `created_at`, `updated_at`) VALUES ('59', '63', 'accusantium', '94', '1989-08-25 15:36:35', '2007-10-23 16:34:03');
INSERT INTO `playlists` (`id`, `user_id`, `playlist_name`, `song_id`, `created_at`, `updated_at`) VALUES ('60', '59', 'quo', '56', '2018-11-17 02:53:29', '2012-02-08 05:29:50');
INSERT INTO `playlists` (`id`, `user_id`, `playlist_name`, `song_id`, `created_at`, `updated_at`) VALUES ('61', '93', 'ipsam', '96', '2017-05-25 09:42:46', '1975-01-06 04:01:54');
INSERT INTO `playlists` (`id`, `user_id`, `playlist_name`, `song_id`, `created_at`, `updated_at`) VALUES ('62', '45', 'est', '20', '1981-05-06 12:09:57', '1980-04-16 03:21:34');
INSERT INTO `playlists` (`id`, `user_id`, `playlist_name`, `song_id`, `created_at`, `updated_at`) VALUES ('63', '92', 'dolor', '15', '1998-11-29 20:38:35', '1990-01-06 01:55:26');
INSERT INTO `playlists` (`id`, `user_id`, `playlist_name`, `song_id`, `created_at`, `updated_at`) VALUES ('64', '33', 'placeat', '43', '2011-02-19 15:27:07', '1983-02-03 03:56:15');
INSERT INTO `playlists` (`id`, `user_id`, `playlist_name`, `song_id`, `created_at`, `updated_at`) VALUES ('65', '39', 'quam', '23', '2006-05-24 16:42:33', '2001-06-28 19:27:50');
INSERT INTO `playlists` (`id`, `user_id`, `playlist_name`, `song_id`, `created_at`, `updated_at`) VALUES ('66', '94', 'omnis', '70', '2019-01-31 04:49:06', '2011-09-26 15:38:41');
INSERT INTO `playlists` (`id`, `user_id`, `playlist_name`, `song_id`, `created_at`, `updated_at`) VALUES ('67', '6', 'mollitia', '46', '1981-07-10 14:24:05', '1993-01-06 08:23:47');
INSERT INTO `playlists` (`id`, `user_id`, `playlist_name`, `song_id`, `created_at`, `updated_at`) VALUES ('68', '22', 'dolor', '5', '2016-01-30 08:05:18', '2012-08-09 06:26:38');
INSERT INTO `playlists` (`id`, `user_id`, `playlist_name`, `song_id`, `created_at`, `updated_at`) VALUES ('69', '68', 'quis', '32', '1994-02-10 11:14:49', '1980-12-30 05:13:00');
INSERT INTO `playlists` (`id`, `user_id`, `playlist_name`, `song_id`, `created_at`, `updated_at`) VALUES ('70', '74', 'repellendus', '85', '1974-10-26 20:04:51', '1980-08-29 08:48:35');
INSERT INTO `playlists` (`id`, `user_id`, `playlist_name`, `song_id`, `created_at`, `updated_at`) VALUES ('71', '61', 'officiis', '60', '2016-04-23 00:15:31', '2000-02-28 13:09:08');
INSERT INTO `playlists` (`id`, `user_id`, `playlist_name`, `song_id`, `created_at`, `updated_at`) VALUES ('72', '78', 'expedita', '54', '2005-04-24 13:33:10', '2002-04-08 10:10:22');
INSERT INTO `playlists` (`id`, `user_id`, `playlist_name`, `song_id`, `created_at`, `updated_at`) VALUES ('73', '99', 'in', '63', '2002-09-19 19:11:44', '1989-11-29 11:52:36');
INSERT INTO `playlists` (`id`, `user_id`, `playlist_name`, `song_id`, `created_at`, `updated_at`) VALUES ('74', '23', 'sunt', '62', '2013-01-28 08:15:52', '2011-06-29 12:41:11');
INSERT INTO `playlists` (`id`, `user_id`, `playlist_name`, `song_id`, `created_at`, `updated_at`) VALUES ('75', '57', 'aut', '81', '1986-06-20 18:57:30', '1986-11-08 01:51:43');
INSERT INTO `playlists` (`id`, `user_id`, `playlist_name`, `song_id`, `created_at`, `updated_at`) VALUES ('76', '17', 'aut', '50', '2006-03-18 05:37:16', '1993-08-02 17:42:07');
INSERT INTO `playlists` (`id`, `user_id`, `playlist_name`, `song_id`, `created_at`, `updated_at`) VALUES ('77', '77', 'doloremque', '62', '1999-02-28 09:40:11', '1980-10-14 23:13:16');
INSERT INTO `playlists` (`id`, `user_id`, `playlist_name`, `song_id`, `created_at`, `updated_at`) VALUES ('78', '70', 'est', '68', '1981-07-18 13:33:34', '2007-04-05 06:24:52');
INSERT INTO `playlists` (`id`, `user_id`, `playlist_name`, `song_id`, `created_at`, `updated_at`) VALUES ('79', '76', 'animi', '2', '1991-02-26 23:22:07', '2005-07-27 15:12:14');
INSERT INTO `playlists` (`id`, `user_id`, `playlist_name`, `song_id`, `created_at`, `updated_at`) VALUES ('80', '10', 'est', '14', '2007-10-28 11:12:25', '1984-09-10 17:42:08');
INSERT INTO `playlists` (`id`, `user_id`, `playlist_name`, `song_id`, `created_at`, `updated_at`) VALUES ('81', '25', 'magnam', '3', '1999-12-15 21:28:16', '1986-05-10 01:15:55');
INSERT INTO `playlists` (`id`, `user_id`, `playlist_name`, `song_id`, `created_at`, `updated_at`) VALUES ('82', '84', 'autem', '30', '2001-06-14 05:16:38', '1998-05-11 12:44:19');
INSERT INTO `playlists` (`id`, `user_id`, `playlist_name`, `song_id`, `created_at`, `updated_at`) VALUES ('83', '48', 'doloribus', '6', '2019-06-06 23:30:25', '1998-07-03 18:11:00');
INSERT INTO `playlists` (`id`, `user_id`, `playlist_name`, `song_id`, `created_at`, `updated_at`) VALUES ('84', '34', 'accusamus', '16', '1983-10-07 15:34:27', '1995-07-27 02:59:08');
INSERT INTO `playlists` (`id`, `user_id`, `playlist_name`, `song_id`, `created_at`, `updated_at`) VALUES ('85', '38', 'perspiciatis', '8', '1989-07-10 22:53:54', '1999-12-02 01:37:03');
INSERT INTO `playlists` (`id`, `user_id`, `playlist_name`, `song_id`, `created_at`, `updated_at`) VALUES ('86', '1', 'cum', '98', '2012-10-22 05:51:45', '1983-09-30 18:32:06');
INSERT INTO `playlists` (`id`, `user_id`, `playlist_name`, `song_id`, `created_at`, `updated_at`) VALUES ('87', '68', 'tempore', '79', '2016-02-02 23:14:26', '1982-01-02 06:43:19');
INSERT INTO `playlists` (`id`, `user_id`, `playlist_name`, `song_id`, `created_at`, `updated_at`) VALUES ('88', '52', 'blanditiis', '67', '2012-03-29 08:33:09', '1980-08-08 02:58:48');
INSERT INTO `playlists` (`id`, `user_id`, `playlist_name`, `song_id`, `created_at`, `updated_at`) VALUES ('89', '42', 'magni', '74', '1973-09-23 17:44:44', '2001-11-09 01:15:43');
INSERT INTO `playlists` (`id`, `user_id`, `playlist_name`, `song_id`, `created_at`, `updated_at`) VALUES ('90', '28', 'quasi', '98', '1973-12-24 17:13:42', '2002-09-04 08:57:10');
INSERT INTO `playlists` (`id`, `user_id`, `playlist_name`, `song_id`, `created_at`, `updated_at`) VALUES ('91', '55', 'aut', '45', '2016-08-15 19:38:49', '1977-04-28 22:44:42');
INSERT INTO `playlists` (`id`, `user_id`, `playlist_name`, `song_id`, `created_at`, `updated_at`) VALUES ('92', '47', 'ullam', '31', '1996-04-28 11:28:48', '2009-03-31 06:53:45');
INSERT INTO `playlists` (`id`, `user_id`, `playlist_name`, `song_id`, `created_at`, `updated_at`) VALUES ('93', '7', 'minus', '16', '2010-02-15 03:49:42', '1980-10-27 02:23:24');
INSERT INTO `playlists` (`id`, `user_id`, `playlist_name`, `song_id`, `created_at`, `updated_at`) VALUES ('94', '98', 'accusantium', '82', '1999-07-24 22:55:56', '2010-11-19 20:31:04');
INSERT INTO `playlists` (`id`, `user_id`, `playlist_name`, `song_id`, `created_at`, `updated_at`) VALUES ('95', '18', 'asperiores', '8', '1999-10-30 17:52:48', '1991-04-02 11:38:59');
INSERT INTO `playlists` (`id`, `user_id`, `playlist_name`, `song_id`, `created_at`, `updated_at`) VALUES ('96', '96', 'hic', '42', '1992-06-02 02:57:37', '1982-04-18 16:32:06');
INSERT INTO `playlists` (`id`, `user_id`, `playlist_name`, `song_id`, `created_at`, `updated_at`) VALUES ('97', '11', 'accusamus', '80', '2012-01-16 09:52:59', '2011-12-30 19:53:28');
INSERT INTO `playlists` (`id`, `user_id`, `playlist_name`, `song_id`, `created_at`, `updated_at`) VALUES ('98', '72', 'laborum', '59', '1971-08-04 19:03:17', '2003-02-11 04:14:54');
INSERT INTO `playlists` (`id`, `user_id`, `playlist_name`, `song_id`, `created_at`, `updated_at`) VALUES ('99', '85', 'est', '6', '2013-01-08 12:50:40', '1976-08-11 01:27:47');
INSERT INTO `playlists` (`id`, `user_id`, `playlist_name`, `song_id`, `created_at`, `updated_at`) VALUES ('100', '74', 'aut', '22', '1997-04-20 07:52:11', '1998-06-20 14:03:32');

# TABLE STRUCTURE FOR: listening_history

INSERT INTO `listening_history` (`id`, `user_id`, `song_id`, `listening_cnt`, `created_at`, `updated_at`) VALUES ('1', '56', '32', 7, '1990-07-04 23:37:54', '2015-05-25 02:18:48');
INSERT INTO `listening_history` (`id`, `user_id`, `song_id`, `listening_cnt`, `created_at`, `updated_at`) VALUES ('2', '25', '85', 6, '1975-11-05 01:51:21', '2017-04-17 11:38:59');
INSERT INTO `listening_history` (`id`, `user_id`, `song_id`, `listening_cnt`, `created_at`, `updated_at`) VALUES ('3', '36', '64', 7, '2011-01-08 21:08:15', '1972-06-04 03:03:05');
INSERT INTO `listening_history` (`id`, `user_id`, `song_id`, `listening_cnt`, `created_at`, `updated_at`) VALUES ('4', '58', '62', 8, '2001-11-18 16:32:58', '2021-08-30 14:56:43');
INSERT INTO `listening_history` (`id`, `user_id`, `song_id`, `listening_cnt`, `created_at`, `updated_at`) VALUES ('5', '79', '12', 8, '2021-05-17 10:49:03', '1976-05-12 08:34:40');
INSERT INTO `listening_history` (`id`, `user_id`, `song_id`, `listening_cnt`, `created_at`, `updated_at`) VALUES ('6', '90', '20', 2, '2015-10-14 22:18:01', '1970-05-06 14:59:12');
INSERT INTO `listening_history` (`id`, `user_id`, `song_id`, `listening_cnt`, `created_at`, `updated_at`) VALUES ('7', '25', '28', 5, '2004-12-20 06:47:29', '2002-10-02 11:02:34');
INSERT INTO `listening_history` (`id`, `user_id`, `song_id`, `listening_cnt`, `created_at`, `updated_at`) VALUES ('8', '3', '28', 2, '1970-01-08 02:31:49', '2007-03-20 09:05:14');
INSERT INTO `listening_history` (`id`, `user_id`, `song_id`, `listening_cnt`, `created_at`, `updated_at`) VALUES ('9', '54', '30', 9, '1985-11-02 08:24:51', '1985-08-10 11:10:18');
INSERT INTO `listening_history` (`id`, `user_id`, `song_id`, `listening_cnt`, `created_at`, `updated_at`) VALUES ('10', '91', '11', 8, '1973-05-24 12:34:10', '1985-08-31 10:44:28');
INSERT INTO `listening_history` (`id`, `user_id`, `song_id`, `listening_cnt`, `created_at`, `updated_at`) VALUES ('11', '22', '30', 5, '1995-11-05 14:09:38', '1994-09-06 21:58:24');
INSERT INTO `listening_history` (`id`, `user_id`, `song_id`, `listening_cnt`, `created_at`, `updated_at`) VALUES ('12', '92', '85', 1, '1974-02-07 23:10:28', '2014-01-17 10:01:36');
INSERT INTO `listening_history` (`id`, `user_id`, `song_id`, `listening_cnt`, `created_at`, `updated_at`) VALUES ('13', '4', '53', 1, '1998-07-18 12:58:22', '1975-01-18 20:24:08');
INSERT INTO `listening_history` (`id`, `user_id`, `song_id`, `listening_cnt`, `created_at`, `updated_at`) VALUES ('14', '32', '72', 3, '1998-09-08 12:55:31', '1971-03-26 04:43:47');
INSERT INTO `listening_history` (`id`, `user_id`, `song_id`, `listening_cnt`, `created_at`, `updated_at`) VALUES ('15', '70', '70', 3, '1976-02-07 06:06:35', '1976-04-17 12:00:39');
INSERT INTO `listening_history` (`id`, `user_id`, `song_id`, `listening_cnt`, `created_at`, `updated_at`) VALUES ('16', '67', '25', 9, '1984-03-10 02:02:33', '1971-03-30 13:10:11');
INSERT INTO `listening_history` (`id`, `user_id`, `song_id`, `listening_cnt`, `created_at`, `updated_at`) VALUES ('17', '1', '92', 1, '2010-02-10 12:42:57', '2014-12-13 02:01:26');
INSERT INTO `listening_history` (`id`, `user_id`, `song_id`, `listening_cnt`, `created_at`, `updated_at`) VALUES ('18', '10', '37', 5, '2007-06-10 06:10:49', '2019-05-24 22:59:45');
INSERT INTO `listening_history` (`id`, `user_id`, `song_id`, `listening_cnt`, `created_at`, `updated_at`) VALUES ('19', '56', '68', 6, '1972-12-01 06:01:45', '1980-10-08 13:54:06');
INSERT INTO `listening_history` (`id`, `user_id`, `song_id`, `listening_cnt`, `created_at`, `updated_at`) VALUES ('20', '98', '34', 9, '2011-08-01 09:11:30', '1982-09-21 03:30:54');
INSERT INTO `listening_history` (`id`, `user_id`, `song_id`, `listening_cnt`, `created_at`, `updated_at`) VALUES ('21', '79', '88', 8, '1974-06-18 10:02:05', '1984-09-22 04:31:16');
INSERT INTO `listening_history` (`id`, `user_id`, `song_id`, `listening_cnt`, `created_at`, `updated_at`) VALUES ('22', '53', '4', 5, '2008-06-26 18:06:44', '2010-04-25 22:39:36');
INSERT INTO `listening_history` (`id`, `user_id`, `song_id`, `listening_cnt`, `created_at`, `updated_at`) VALUES ('23', '15', '56', 9, '1989-06-12 09:49:02', '1970-03-05 00:28:13');
INSERT INTO `listening_history` (`id`, `user_id`, `song_id`, `listening_cnt`, `created_at`, `updated_at`) VALUES ('24', '32', '69', 1, '2017-04-25 13:14:31', '2018-01-06 07:20:32');
INSERT INTO `listening_history` (`id`, `user_id`, `song_id`, `listening_cnt`, `created_at`, `updated_at`) VALUES ('25', '86', '22', 6, '1979-07-05 23:59:29', '2015-10-20 02:32:34');
INSERT INTO `listening_history` (`id`, `user_id`, `song_id`, `listening_cnt`, `created_at`, `updated_at`) VALUES ('26', '79', '7', 1, '1991-04-23 02:29:07', '1993-10-08 19:45:30');
INSERT INTO `listening_history` (`id`, `user_id`, `song_id`, `listening_cnt`, `created_at`, `updated_at`) VALUES ('27', '51', '70', 6, '2005-08-06 11:51:08', '2013-07-22 06:32:53');
INSERT INTO `listening_history` (`id`, `user_id`, `song_id`, `listening_cnt`, `created_at`, `updated_at`) VALUES ('28', '92', '55', 1, '1986-05-07 02:38:47', '1978-09-10 15:42:06');
INSERT INTO `listening_history` (`id`, `user_id`, `song_id`, `listening_cnt`, `created_at`, `updated_at`) VALUES ('29', '23', '23', 1, '1970-03-10 08:42:13', '1990-04-24 04:57:27');
INSERT INTO `listening_history` (`id`, `user_id`, `song_id`, `listening_cnt`, `created_at`, `updated_at`) VALUES ('30', '26', '93', 7, '1983-08-17 19:38:41', '2013-03-30 23:07:44');
INSERT INTO `listening_history` (`id`, `user_id`, `song_id`, `listening_cnt`, `created_at`, `updated_at`) VALUES ('31', '92', '93', 4, '1983-02-06 18:43:38', '1987-10-11 01:21:26');
INSERT INTO `listening_history` (`id`, `user_id`, `song_id`, `listening_cnt`, `created_at`, `updated_at`) VALUES ('32', '18', '93', 8, '1975-10-22 21:43:28', '1972-01-22 01:37:12');
INSERT INTO `listening_history` (`id`, `user_id`, `song_id`, `listening_cnt`, `created_at`, `updated_at`) VALUES ('33', '85', '27', 7, '1971-03-20 08:57:46', '1982-11-18 17:57:49');
INSERT INTO `listening_history` (`id`, `user_id`, `song_id`, `listening_cnt`, `created_at`, `updated_at`) VALUES ('34', '29', '40', 2, '2015-05-26 02:21:23', '1981-06-08 16:28:59');
INSERT INTO `listening_history` (`id`, `user_id`, `song_id`, `listening_cnt`, `created_at`, `updated_at`) VALUES ('35', '94', '26', 1, '1989-10-23 06:41:29', '1995-12-14 00:34:31');
INSERT INTO `listening_history` (`id`, `user_id`, `song_id`, `listening_cnt`, `created_at`, `updated_at`) VALUES ('36', '74', '73', 1, '1998-05-18 04:47:05', '1987-08-03 16:06:49');
INSERT INTO `listening_history` (`id`, `user_id`, `song_id`, `listening_cnt`, `created_at`, `updated_at`) VALUES ('37', '14', '27', 1, '1981-10-20 17:02:01', '1994-08-29 23:08:07');
INSERT INTO `listening_history` (`id`, `user_id`, `song_id`, `listening_cnt`, `created_at`, `updated_at`) VALUES ('38', '77', '28', 7, '2018-02-18 21:41:32', '2002-03-31 05:27:51');
INSERT INTO `listening_history` (`id`, `user_id`, `song_id`, `listening_cnt`, `created_at`, `updated_at`) VALUES ('39', '82', '8', 4, '2021-07-09 01:15:12', '2010-10-30 07:38:06');
INSERT INTO `listening_history` (`id`, `user_id`, `song_id`, `listening_cnt`, `created_at`, `updated_at`) VALUES ('40', '97', '67', 1, '2019-02-07 14:26:32', '1983-11-01 11:05:41');
INSERT INTO `listening_history` (`id`, `user_id`, `song_id`, `listening_cnt`, `created_at`, `updated_at`) VALUES ('41', '29', '76', 7, '2018-06-23 15:08:42', '1980-10-02 17:42:59');
INSERT INTO `listening_history` (`id`, `user_id`, `song_id`, `listening_cnt`, `created_at`, `updated_at`) VALUES ('42', '74', '80', 2, '1999-09-21 14:42:32', '2011-06-14 17:18:54');
INSERT INTO `listening_history` (`id`, `user_id`, `song_id`, `listening_cnt`, `created_at`, `updated_at`) VALUES ('43', '46', '65', 7, '2007-05-13 17:21:07', '2011-02-26 07:48:13');
INSERT INTO `listening_history` (`id`, `user_id`, `song_id`, `listening_cnt`, `created_at`, `updated_at`) VALUES ('44', '34', '68', 7, '2021-08-03 06:51:47', '1973-06-23 21:10:22');
INSERT INTO `listening_history` (`id`, `user_id`, `song_id`, `listening_cnt`, `created_at`, `updated_at`) VALUES ('45', '88', '60', 2, '1986-03-24 06:54:18', '2010-09-06 04:28:31');
INSERT INTO `listening_history` (`id`, `user_id`, `song_id`, `listening_cnt`, `created_at`, `updated_at`) VALUES ('46', '60', '80', 2, '2000-11-18 20:44:34', '2006-07-06 14:17:24');
INSERT INTO `listening_history` (`id`, `user_id`, `song_id`, `listening_cnt`, `created_at`, `updated_at`) VALUES ('47', '53', '77', 9, '2011-03-12 18:04:51', '1997-11-16 07:44:38');
INSERT INTO `listening_history` (`id`, `user_id`, `song_id`, `listening_cnt`, `created_at`, `updated_at`) VALUES ('48', '72', '38', 2, '1994-12-13 10:58:27', '2008-10-26 03:30:55');
INSERT INTO `listening_history` (`id`, `user_id`, `song_id`, `listening_cnt`, `created_at`, `updated_at`) VALUES ('49', '4', '100', 9, '1986-09-21 02:51:57', '1990-05-02 08:46:56');
INSERT INTO `listening_history` (`id`, `user_id`, `song_id`, `listening_cnt`, `created_at`, `updated_at`) VALUES ('50', '77', '98', 6, '2014-09-09 14:17:31', '1986-10-12 07:56:56');
INSERT INTO `listening_history` (`id`, `user_id`, `song_id`, `listening_cnt`, `created_at`, `updated_at`) VALUES ('51', '26', '51', 7, '2007-10-07 03:25:47', '1996-12-07 03:32:53');
INSERT INTO `listening_history` (`id`, `user_id`, `song_id`, `listening_cnt`, `created_at`, `updated_at`) VALUES ('52', '71', '39', 9, '2000-10-31 04:57:58', '1990-10-04 11:57:40');
INSERT INTO `listening_history` (`id`, `user_id`, `song_id`, `listening_cnt`, `created_at`, `updated_at`) VALUES ('53', '77', '47', 4, '2002-12-02 20:23:53', '1994-05-30 15:09:33');
INSERT INTO `listening_history` (`id`, `user_id`, `song_id`, `listening_cnt`, `created_at`, `updated_at`) VALUES ('54', '67', '59', 7, '1984-03-22 08:09:17', '2010-02-25 06:47:28');
INSERT INTO `listening_history` (`id`, `user_id`, `song_id`, `listening_cnt`, `created_at`, `updated_at`) VALUES ('55', '54', '64', 5, '1976-01-25 14:24:20', '2010-11-28 11:44:56');
INSERT INTO `listening_history` (`id`, `user_id`, `song_id`, `listening_cnt`, `created_at`, `updated_at`) VALUES ('56', '26', '83', 4, '1993-10-14 19:59:08', '1994-12-16 03:50:21');
INSERT INTO `listening_history` (`id`, `user_id`, `song_id`, `listening_cnt`, `created_at`, `updated_at`) VALUES ('57', '39', '99', 3, '1974-08-09 21:10:59', '2006-07-12 04:14:50');
INSERT INTO `listening_history` (`id`, `user_id`, `song_id`, `listening_cnt`, `created_at`, `updated_at`) VALUES ('58', '62', '84', 5, '1987-07-08 23:04:00', '1983-07-09 13:50:17');
INSERT INTO `listening_history` (`id`, `user_id`, `song_id`, `listening_cnt`, `created_at`, `updated_at`) VALUES ('59', '64', '96', 3, '1989-11-18 03:39:37', '2008-02-24 13:11:19');
INSERT INTO `listening_history` (`id`, `user_id`, `song_id`, `listening_cnt`, `created_at`, `updated_at`) VALUES ('60', '52', '52', 4, '2003-02-04 00:32:11', '1973-05-15 06:14:54');
INSERT INTO `listening_history` (`id`, `user_id`, `song_id`, `listening_cnt`, `created_at`, `updated_at`) VALUES ('61', '56', '12', 1, '2021-08-07 07:45:56', '2016-08-23 07:30:42');
INSERT INTO `listening_history` (`id`, `user_id`, `song_id`, `listening_cnt`, `created_at`, `updated_at`) VALUES ('62', '31', '8', 1, '2021-04-04 21:34:34', '1981-05-13 06:39:25');
INSERT INTO `listening_history` (`id`, `user_id`, `song_id`, `listening_cnt`, `created_at`, `updated_at`) VALUES ('63', '89', '2', 8, '2014-11-10 08:42:42', '2006-04-19 08:28:09');
INSERT INTO `listening_history` (`id`, `user_id`, `song_id`, `listening_cnt`, `created_at`, `updated_at`) VALUES ('64', '45', '92', 4, '2006-03-30 22:38:56', '2002-03-17 05:53:45');
INSERT INTO `listening_history` (`id`, `user_id`, `song_id`, `listening_cnt`, `created_at`, `updated_at`) VALUES ('65', '2', '22', 2, '2007-09-04 18:41:35', '1977-06-12 19:55:08');
INSERT INTO `listening_history` (`id`, `user_id`, `song_id`, `listening_cnt`, `created_at`, `updated_at`) VALUES ('66', '90', '28', 3, '1973-11-21 20:16:42', '2005-06-21 23:44:11');
INSERT INTO `listening_history` (`id`, `user_id`, `song_id`, `listening_cnt`, `created_at`, `updated_at`) VALUES ('67', '73', '60', 5, '1977-12-24 02:28:48', '1979-11-11 05:26:39');
INSERT INTO `listening_history` (`id`, `user_id`, `song_id`, `listening_cnt`, `created_at`, `updated_at`) VALUES ('68', '67', '49', 8, '1974-07-09 07:07:03', '2007-06-29 23:46:37');
INSERT INTO `listening_history` (`id`, `user_id`, `song_id`, `listening_cnt`, `created_at`, `updated_at`) VALUES ('69', '7', '34', 1, '1978-07-31 09:09:36', '1986-02-23 13:28:31');
INSERT INTO `listening_history` (`id`, `user_id`, `song_id`, `listening_cnt`, `created_at`, `updated_at`) VALUES ('70', '8', '61', 3, '1992-05-28 05:15:48', '2004-04-15 22:43:02');
INSERT INTO `listening_history` (`id`, `user_id`, `song_id`, `listening_cnt`, `created_at`, `updated_at`) VALUES ('71', '97', '33', 8, '2018-05-07 01:32:17', '2003-12-14 13:00:23');
INSERT INTO `listening_history` (`id`, `user_id`, `song_id`, `listening_cnt`, `created_at`, `updated_at`) VALUES ('72', '43', '36', 9, '1998-03-01 04:03:19', '2018-05-05 23:32:37');
INSERT INTO `listening_history` (`id`, `user_id`, `song_id`, `listening_cnt`, `created_at`, `updated_at`) VALUES ('73', '31', '5', 8, '2001-06-28 17:27:32', '2020-10-06 23:54:06');
INSERT INTO `listening_history` (`id`, `user_id`, `song_id`, `listening_cnt`, `created_at`, `updated_at`) VALUES ('74', '19', '95', 1, '2020-07-24 03:35:27', '2009-05-08 20:19:41');
INSERT INTO `listening_history` (`id`, `user_id`, `song_id`, `listening_cnt`, `created_at`, `updated_at`) VALUES ('75', '100', '70', 3, '1989-09-17 23:40:14', '2019-04-19 11:23:41');
INSERT INTO `listening_history` (`id`, `user_id`, `song_id`, `listening_cnt`, `created_at`, `updated_at`) VALUES ('76', '46', '55', 6, '1997-10-27 21:02:41', '1986-08-22 15:39:10');
INSERT INTO `listening_history` (`id`, `user_id`, `song_id`, `listening_cnt`, `created_at`, `updated_at`) VALUES ('77', '82', '76', 8, '1994-12-12 12:24:49', '1999-01-02 14:58:16');
INSERT INTO `listening_history` (`id`, `user_id`, `song_id`, `listening_cnt`, `created_at`, `updated_at`) VALUES ('78', '63', '70', 9, '1998-02-12 09:54:17', '1993-07-16 14:06:14');
INSERT INTO `listening_history` (`id`, `user_id`, `song_id`, `listening_cnt`, `created_at`, `updated_at`) VALUES ('79', '78', '8', 3, '2020-07-24 22:59:51', '1987-12-17 20:44:53');
INSERT INTO `listening_history` (`id`, `user_id`, `song_id`, `listening_cnt`, `created_at`, `updated_at`) VALUES ('80', '62', '79', 1, '1996-01-04 19:09:32', '1975-09-06 09:56:08');
INSERT INTO `listening_history` (`id`, `user_id`, `song_id`, `listening_cnt`, `created_at`, `updated_at`) VALUES ('81', '30', '51', 8, '2018-01-28 12:44:00', '2019-12-12 08:58:18');
INSERT INTO `listening_history` (`id`, `user_id`, `song_id`, `listening_cnt`, `created_at`, `updated_at`) VALUES ('82', '7', '2', 9, '2020-06-18 00:23:38', '2005-10-11 21:30:22');
INSERT INTO `listening_history` (`id`, `user_id`, `song_id`, `listening_cnt`, `created_at`, `updated_at`) VALUES ('83', '11', '73', 7, '2000-02-21 13:14:31', '1988-01-10 16:24:02');
INSERT INTO `listening_history` (`id`, `user_id`, `song_id`, `listening_cnt`, `created_at`, `updated_at`) VALUES ('84', '50', '18', 8, '2020-10-12 13:53:11', '1985-06-29 22:28:40');
INSERT INTO `listening_history` (`id`, `user_id`, `song_id`, `listening_cnt`, `created_at`, `updated_at`) VALUES ('85', '6', '57', 6, '1972-04-25 06:52:49', '2018-01-15 19:02:51');
INSERT INTO `listening_history` (`id`, `user_id`, `song_id`, `listening_cnt`, `created_at`, `updated_at`) VALUES ('86', '78', '3', 7, '1982-04-29 07:45:27', '1981-12-01 18:22:51');
INSERT INTO `listening_history` (`id`, `user_id`, `song_id`, `listening_cnt`, `created_at`, `updated_at`) VALUES ('87', '89', '20', 5, '1970-12-25 12:59:09', '1995-03-01 05:23:47');
INSERT INTO `listening_history` (`id`, `user_id`, `song_id`, `listening_cnt`, `created_at`, `updated_at`) VALUES ('88', '38', '20', 1, '2014-08-21 19:47:30', '1999-05-29 21:21:15');
INSERT INTO `listening_history` (`id`, `user_id`, `song_id`, `listening_cnt`, `created_at`, `updated_at`) VALUES ('89', '25', '56', 3, '2005-03-18 11:36:47', '2016-10-09 19:55:48');
INSERT INTO `listening_history` (`id`, `user_id`, `song_id`, `listening_cnt`, `created_at`, `updated_at`) VALUES ('90', '15', '24', 5, '1983-12-09 11:10:56', '1982-12-24 01:19:09');
INSERT INTO `listening_history` (`id`, `user_id`, `song_id`, `listening_cnt`, `created_at`, `updated_at`) VALUES ('91', '26', '60', 4, '1995-07-04 11:24:29', '1974-12-20 03:52:03');
INSERT INTO `listening_history` (`id`, `user_id`, `song_id`, `listening_cnt`, `created_at`, `updated_at`) VALUES ('92', '79', '7', 1, '1983-08-12 05:33:15', '1990-12-23 12:25:04');
INSERT INTO `listening_history` (`id`, `user_id`, `song_id`, `listening_cnt`, `created_at`, `updated_at`) VALUES ('93', '36', '42', 2, '2010-07-14 08:54:52', '2017-12-09 02:56:12');
INSERT INTO `listening_history` (`id`, `user_id`, `song_id`, `listening_cnt`, `created_at`, `updated_at`) VALUES ('94', '76', '13', 1, '1990-04-27 06:43:39', '1980-10-16 02:44:30');
INSERT INTO `listening_history` (`id`, `user_id`, `song_id`, `listening_cnt`, `created_at`, `updated_at`) VALUES ('95', '49', '38', 4, '2019-10-05 20:09:21', '1971-01-14 16:32:54');
INSERT INTO `listening_history` (`id`, `user_id`, `song_id`, `listening_cnt`, `created_at`, `updated_at`) VALUES ('96', '92', '78', 4, '2008-05-25 23:12:29', '2005-11-16 19:43:45');
INSERT INTO `listening_history` (`id`, `user_id`, `song_id`, `listening_cnt`, `created_at`, `updated_at`) VALUES ('97', '88', '98', 9, '2014-07-03 15:16:38', '2016-10-08 09:57:52');
INSERT INTO `listening_history` (`id`, `user_id`, `song_id`, `listening_cnt`, `created_at`, `updated_at`) VALUES ('98', '79', '99', 4, '1980-06-25 03:58:34', '2000-08-20 23:37:01');
INSERT INTO `listening_history` (`id`, `user_id`, `song_id`, `listening_cnt`, `created_at`, `updated_at`) VALUES ('99', '70', '29', 1, '2010-06-02 21:35:04', '1970-11-22 21:19:07');
INSERT INTO `listening_history` (`id`, `user_id`, `song_id`, `listening_cnt`, `created_at`, `updated_at`) VALUES ('100', '16', '76', 5, '2018-04-06 23:37:20', '1987-07-21 08:09:10');